StateName,date,homeowner_affordability,zhvi,zori,renter_affordability
CA,2000-01-31,,209794.31015777084,,
CA,2000-02-29,,210486.98251552272,,
CA,2000-03-31,,211457.40951238747,,
CA,2000-04-30,,213110.33479620493,,
CA,2000-05-31,,214944.08137903467,,
CA,2000-06-30,,217646.25534876582,,
CA,2000-07-31,,221423.73034494708,,
CA,2000-08-31,,225661.3057890553,,
CA,2000-09-30,,229605.07150767962,,
CA,2000-10-31,,232564.1581985298,,
CA,2000-11-30,,235397.67841887183,,
CA,2000-12-31,,238143.44808002468,,
CA,2001-01-31,,197107.15769906703,,
CA,2001-02-28,,198675.20858336857,,
CA,2001-03-31,,200980.09714590415,,
CA,2001-04-30,,204345.37105021742,,
CA,2001-05-31,,207992.71389310106,,
CA,2001-06-30,,211293.06315332558,,
CA,2001-07-31,,214665.5024689437,,
CA,2001-08-31,,218011.08296006414,,
CA,2001-09-30,,221039.70396501763,,
CA,2001-10-31,,223541.63827485006,,
CA,2001-11-30,,225755.21341605386,,
CA,2001-12-31,,227989.90295481845,,
CA,2002-01-31,,229727.4973232863,,
CA,2002-02-28,,231392.89679506733,,
CA,2002-03-31,,232835.0989862996,,
CA,2002-04-30,,234440.20821240346,,
CA,2002-05-31,,236219.4339559868,,
CA,2002-06-30,,238306.8926256845,,
CA,2002-07-31,,241143.94863797474,,
CA,2002-08-31,,244479.5667443588,,
CA,2002-09-30,,248051.8673145658,,
CA,2002-10-31,,251292.39464132505,,
CA,2002-11-30,,254529.49740689603,,
CA,2002-12-31,,258073.89404856728,,
CA,2003-01-31,,254987.79901964174,,
CA,2003-02-28,,256691.06845951418,,
CA,2003-03-31,,258803.9700443918,,
CA,2003-04-30,,261875.4004397528,,
CA,2003-05-31,,264102.37832074147,,
CA,2003-06-30,,266337.76625536877,,
CA,2003-07-31,,269185.82537417975,,
CA,2003-08-31,,272781.20893331966,,
CA,2003-09-30,,276999.5678723975,,
CA,2003-10-31,,281450.9001715112,,
CA,2003-11-30,,284925.62324403727,,
CA,2003-12-31,,287750.8641784863,,
CA,2004-01-31,,287816.9806042225,,
CA,2004-02-29,,292532.0448703565,,
CA,2004-03-31,,297360.1258323306,,
CA,2004-04-30,,299013.2016815305,,
CA,2004-05-31,,301362.21418080485,,
CA,2004-06-30,,304972.2489066476,,
CA,2004-07-31,,315674.31031794415,,
CA,2004-08-31,,317453.71290449536,,
CA,2004-09-30,,324322.3094570232,,
CA,2004-10-31,,332207.13921809656,,
CA,2004-11-30,,340187.8642784552,,
CA,2004-12-31,,346829.28505616786,,
CA,2005-01-31,,352152.6689997657,,
CA,2005-02-28,,358070.58043537644,,
CA,2005-03-31,,366636.7998842418,,
CA,2005-04-30,,373493.455831954,,
CA,2005-05-31,,379437.094843914,,
CA,2005-06-30,,385109.2195572172,,
CA,2005-07-31,,391057.5308528699,,
CA,2005-08-31,,396988.1061523901,,
CA,2005-09-30,,404787.3462245964,,
CA,2005-10-31,,409152.5364495802,,
CA,2005-11-30,,411104.30805399903,,
CA,2005-12-31,,412621.49179653806,,
CA,2006-01-31,,413716.54758891166,,
CA,2006-02-28,,415733.038345637,,
CA,2006-03-31,,419187.25412932574,,
CA,2006-04-30,,423456.918689522,,
CA,2006-05-31,,428545.171793107,,
CA,2006-06-30,,431617.2795112321,,
CA,2006-07-31,,434427.6413313153,,
CA,2006-08-31,,434358.1313281783,,
CA,2006-09-30,,430798.01256603777,,
CA,2006-10-31,,425368.7424848271,,
CA,2006-11-30,,420047.5945951729,,
CA,2006-12-31,,421400.4498811232,,
CA,2007-01-31,,409803.9785272984,,
CA,2007-02-28,,398897.1836886564,,
CA,2007-03-31,,397646.6565539298,,
CA,2007-04-30,,396108.61110871634,,
CA,2007-05-31,,393583.829178528,,
CA,2007-06-30,,390585.71898176265,,
CA,2007-07-31,,388183.6637106803,,
CA,2007-08-31,,386208.08565635205,,
CA,2007-09-30,,380469.11656378396,,
CA,2007-10-31,,372300.7817420516,,
CA,2007-11-30,,362059.91371263354,,
CA,2007-12-31,,354265.81630652514,,
CA,2008-01-31,,348181.8732577221,,
CA,2008-02-29,,341302.07292559714,,
CA,2008-03-31,,331909.0544915208,,
CA,2008-04-30,,321746.80847462895,,
CA,2008-05-31,,311605.9221165008,,
CA,2008-06-30,,302027.57643031824,,
CA,2008-07-31,,292621.46781248273,,
CA,2008-08-31,,283571.15766507754,,
CA,2008-09-30,,274583.76646909444,,
CA,2008-10-31,,267216.98571469996,,
CA,2008-11-30,,257550.12583066212,,
CA,2008-12-31,,251871.05010720703,,
CA,2009-01-31,,248805.16389394394,,
CA,2009-02-28,,246325.71783354098,,
CA,2009-03-31,,242619.81343101297,,
CA,2009-04-30,,237936.67104517773,,
CA,2009-05-31,,233893.38787132787,,
CA,2009-06-30,,230174.66030633604,,
CA,2009-07-31,,226088.60776722804,,
CA,2009-08-31,,221307.95721282883,,
CA,2009-09-30,,217554.1419998713,,
CA,2009-10-31,,215011.92582366185,,
CA,2009-11-30,,215113.4637634463,,
CA,2009-12-31,,215843.05849154457,,
CA,2010-01-31,,216030.97247673635,,
CA,2010-02-28,,214706.25132621062,,
CA,2010-03-31,,214181.60533275164,,
CA,2010-04-30,,214193.92045291176,,
CA,2010-05-31,,215013.4013741838,,
CA,2010-06-30,,215252.7939538544,,
CA,2010-07-31,,215817.799327735,,
CA,2010-08-31,,215158.5122598125,,
CA,2010-09-30,,213785.69496667595,,
CA,2010-10-31,,212132.25167849858,,
CA,2010-11-30,,211381.72151952094,,
CA,2010-12-31,,210336.67576177372,,
CA,2011-01-31,,208339.38767312394,,
CA,2011-02-28,,206587.5975884485,,
CA,2011-03-31,,204922.43717859936,,
CA,2011-04-30,,203734.0982943545,,
CA,2011-05-31,,201496.45493592822,,
CA,2011-06-30,,199386.5471153118,,
CA,2011-07-31,,197313.5767722963,,
CA,2011-08-31,,195336.76337545898,,
CA,2011-09-30,,193694.80552493545,,
CA,2011-10-31,,192197.10610432836,,
CA,2011-11-30,,190867.3602420414,,
CA,2011-12-31,,189906.65283666583,,
CA,2012-01-31,26.61241277612664,189279.43565173086,,
CA,2012-02-29,26.557229231288634,185813.4389191468,,
CA,2012-03-31,26.68106977743703,185254.87104774904,,
CA,2012-04-30,26.57538195962664,185006.19627069417,,
CA,2012-05-31,26.3677723194901,185532.18799741977,,
CA,2012-06-30,26.192604889034683,186490.3932282433,,
CA,2012-07-31,26.00039033770997,187441.68405880535,,
CA,2012-08-31,26.12894037400224,188519.3404336536,,
CA,2012-09-30,25.815304474310246,190202.1774274025,,
CA,2012-10-31,25.57044070554076,192628.88102663044,,
CA,2012-11-30,25.612147691699093,195455.00361839533,,
CA,2012-12-31,25.924207954137508,198499.70054918947,,
CA,2013-01-31,29.082689505998104,201597.2877249721,,
CA,2013-02-28,29.82772448870123,204349.93774594011,,
CA,2013-03-31,30.16106359837302,207158.6009923468,,
CA,2013-04-30,30.12163626081226,210466.22093011413,,
CA,2013-05-31,30.7821337603349,215142.1911325248,,
CA,2013-06-30,33.01682579415841,220409.8551652615,,
CA,2013-07-31,34.588124907595244,225642.36113947985,,
CA,2013-08-31,35.434181872262585,230844.8774253269,,
CA,2013-09-30,35.70670617580984,236507.693876761,,
CA,2013-10-31,34.97007431000549,242630.7870728346,,
CA,2013-11-30,35.28791139459837,248186.18202372215,,
CA,2013-12-31,36.09288160571843,252557.5635964663,,
CA,2014-01-31,32.59200651773445,255821.69444750805,,
CA,2014-02-28,32.40657735851316,258429.6085114109,,
CA,2014-03-31,32.67122102876164,261084.20748089487,,
CA,2014-04-30,32.81935261444188,263977.6668369749,,
CA,2014-05-31,32.60207533247277,267109.0139774021,,
CA,2014-06-30,32.645691671608695,269594.41787954525,,
CA,2014-07-31,32.57726647829733,271363.1054591219,,
CA,2014-08-31,32.4903115862258,272655.7722843615,,
CA,2014-09-30,32.693323501434975,274416.774143418,,
CA,2014-10-31,32.47811233669372,276430.8341427572,,
CA,2014-11-30,32.56086164127823,278722.33953755785,,
CA,2014-12-31,32.31584276201694,280810.3379404581,,
CA,2015-01-31,31.685840406004676,282580.8970737899,1445.3590412303333,27.139848089950018
CA,2015-02-28,31.882498587571135,283778.82804507,1439.9627017601272,27.172270558982156
CA,2015-03-31,32.14573179379734,284688.3025712929,1448.3900726931552,27.21427615369941
CA,2015-04-30,31.979184200137492,285887.5771373126,1460.7229639258076,27.377348950633817
CA,2015-05-31,32.58628637987594,287697.93665957166,1472.0832088127972,27.563779492101823
CA,2015-06-30,33.07744468821775,289672.6678585123,1483.4015553675304,27.621496790559988
CA,2015-07-31,33.292297481312474,291507.6874129029,1483.744384223431,27.6316146913449
CA,2015-08-31,32.88796449863915,292988.2283432621,1497.7992653108886,27.620502535054918
CA,2015-09-30,32.86570689900594,294223.0004327171,1467.6152479285147,27.16914442160351
CA,2015-10-31,32.647809646758546,295169.2624285054,1482.91366488204,27.18458690856977
CA,2015-11-30,33.131294545034166,295837.6049326515,1485.3705308033277,27.197850485836376
CA,2015-12-31,33.24275754501675,296386.6617788963,1419.5237262652026,27.159572182185876
CA,2016-01-31,33.16823113284405,297899.15259332786,1421.5163707308222,27.21118145993903
CA,2016-02-29,32.72305618629133,300083.4296627486,1426.410425077268,27.295591694307767
CA,2016-03-31,33.008772680941945,302781.8820055787,1437.1236916906403,27.41590106679748
CA,2016-04-30,32.90220024501844,305348.7478300371,1529.323437938163,27.47959185932536
CA,2016-05-31,32.9984265142049,307585.27196112485,1549.1469595747496,27.49215293366426
CA,2016-06-30,32.98201284085829,309794.9548731997,1556.346651972478,27.681735772633843
CA,2016-07-31,32.61389594070762,311444.23406392103,1562.3905149874088,27.8466111467799
CA,2016-08-31,32.56993414189075,312831.70249448484,1572.5250559118354,27.78590449614093
CA,2016-09-30,32.54334401227983,313319.1874550412,1575.0578699343837,27.862194441685823
CA,2016-10-31,32.457555134912525,313607.11265171546,1575.2127310971357,27.92826784583344
CA,2016-11-30,33.32605467768695,313538.9781849615,1581.9347921898384,28.08035648195511
CA,2016-12-31,34.722951587378844,314147.6156981154,1590.7644889244973,28.04878602773465
CA,2017-01-31,34.50632860220806,316115.71252340905,1610.2684808536171,28.07756010231051
CA,2017-02-28,34.70064643947215,319674.94530756085,1621.1473370601896,28.074265389450048
CA,2017-03-31,34.94117883465988,324401.0940242623,1705.2894589792231,28.2327797865866
CA,2017-04-30,34.62135043704329,328946.6555771624,1640.0570880773805,28.2266625380604
CA,2017-05-31,34.59212485248084,332391.5201986721,1661.1566573903583,28.31655521681184
CA,2017-06-30,34.31675536324654,335166.326014595,1680.1805808745378,28.422938409160007
CA,2017-07-31,34.52370913807522,337300.5456598641,1703.0912521394732,28.441636299151803
CA,2017-08-31,34.29149501711275,339805.460580018,1709.0248910096825,28.52158671787211
CA,2017-09-30,34.10356074424229,342681.06344758987,1716.798418461184,28.42755274121726
CA,2017-10-31,34.476266073351105,346315.57087709074,1712.8275190504437,28.391871040471873
CA,2017-11-30,34.655117881224,349863.38786545594,1715.7571696127598,28.35590954390893
CA,2017-12-31,34.8934468769591,353481.8117902919,1714.4148061807966,28.331362207549788
CA,2018-01-31,35.17096755025443,356675.6131608855,1715.992097522102,28.270190588356808
CA,2018-02-28,36.196843936330886,359640.36718756065,1728.4499757990598,28.27922953051141
CA,2018-03-31,36.66790164110702,362194.2921440593,1744.6604943116297,28.27880425256292
CA,2018-04-30,36.74647512387051,364552.36470333894,1767.3736503955013,28.23169147740563
CA,2018-05-31,37.06229985350758,366989.38024193875,1778.2392843467114,28.144708210249732
CA,2018-06-30,36.973974087875916,369035.7847021102,1795.4519220581274,28.15342889947228
CA,2018-07-31,36.77531501063547,370664.2874793021,1805.09931844142,28.17332647814984
CA,2018-08-31,36.765134063123135,372112.6641289991,1806.2440703602815,28.20802354989695
CA,2018-09-30,36.96582167400475,373297.6517850488,1810.382122252172,28.24287736688722
CA,2018-10-31,37.5759794684832,375056.6943410106,1804.6794762222207,28.298306595207627
CA,2018-11-30,37.63876279938983,376464.06204488385,1813.4226005504909,28.34569572150597
CA,2018-12-31,36.88001689268256,378048.86006897665,1818.8612057183284,28.3660381919011
CA,2019-01-31,36.40244821518001,379007.63678677555,1828.095843394152,28.369715928587443
CA,2019-02-28,36.33623367539347,380119.58480236004,1843.2019423984336,28.32713761324169
CA,2019-03-31,36.17825606943592,381155.5680201086,1849.1370570239217,28.311343126569
CA,2019-04-30,35.76900774028215,381962.0948064319,1865.8205240862965,28.2909024519317
CA,2019-05-31,35.49456482576139,382238.09667138336,1878.4162079059408,28.26130339730899
CA,2019-06-30,34.61405655996848,382405.8756512264,1890.796203383098,28.274622914401498
CA,2019-07-31,34.446295243933434,382605.78633655404,1898.6211547630471,28.322762038353687
CA,2019-08-31,33.95457450617119,383284.15436423896,1898.9171139877951,28.358311919585883
CA,2019-09-30,33.9211975877606,384260.9415241776,1900.45964347329,28.479927748053914
CA,2019-10-31,34.215797195545846,385811.73940247635,1910.1906501821377,28.59511162302261
CA,2019-11-30,34.31887309932147,387925.1106916261,1910.320422985692,28.7149732621167
CA,2019-12-31,34.488357461457184,390141.72973490536,1914.06946283872,28.79913857463663
CA,2020-01-31,34.17375958891331,392308.75126653386,1912.230199568422,28.88616520462866
CA,2020-02-29,33.774096169683155,394195.4057421953,1930.949497699043,28.96042039150462
CA,2020-03-31,33.61824699852222,396238.1200881314,1934.7189392382895,28.7268081423861
CA,2020-04-30,33.02212038304863,398161.04825365206,1929.903033783457,28.432128958763307
CA,2020-05-31,32.54522277957915,399083.4300401458,1918.20464449014,28.04524102559615
CA,2020-06-30,32.02139891052847,399137.6335389458,1919.536069568713,27.62906315273464
CA,2020-07-31,31.288893026898137,399359.28567466827,1938.8273085521887,27.10843949300295
CA,2020-08-31,30.921131971843014,401323.99643434066,2006.681203328632,27.054424306919714
CA,2020-09-30,31.05616029780021,405747.9429360403,1991.9649754671248,27.1412947556231
CA,2020-10-31,31.375932639843548,412067.9258793765,2007.065506091505,27.566574669558953
CA,2020-11-30,31.715911188490573,417965.92836423696,2020.9412401577968,27.923613794416756
CA,2020-12-31,31.77318664932502,423079.68046869914,2034.0222212414856,27.87720140770747
CA,2021-01-31,31.40483166555235,428241.8093720985,2048.1034291509345,27.77420549111676
CA,2021-02-28,31.877391105823634,433333.9925746134,2047.4672221877297,27.70096618503994
CA,2021-03-31,33.34218118671015,438586.86335871904,2045.671680277477,28.00211460086982
CA,2021-04-30,34.09490290560386,444958.37853428617,2051.387094580146,28.56742900014055
CA,2021-05-31,34.61368850394314,452956.39867330366,2076.951402755974,28.942333263960514
CA,2021-06-30,35.064177601411394,461193.7655216399,2099.4079881007115,29.078316473148856
CA,2021-07-31,34.92470061395889,469250.49431583006,2136.459464130282,29.263273645964848
CA,2021-08-31,34.9762301543282,475426.0041637658,2152.318708758984,29.5471290920721
CA,2021-09-30,35.43739599387514,480295.29680688644,2170.7843092876133,29.82122728290576
CA,2021-10-31,36.26673187184633,484646.3059929044,2174.534390701367,29.817963407715798
CA,2021-11-30,36.55963147841646,489870.86525713885,2189.68718851497,29.95393547787773
CA,2021-12-31,36.793545327167855,495647.7575591327,2202.1979199004318,29.915101341262503
CA,2022-01-31,37.968190662046055,502428.571659524,2190.2815196150314,30.0118760147369
CA,2022-02-28,39.59067066105439,509642.07395936217,2190.8563908819656,30.123271410786103
CA,2022-03-31,41.52884209547851,517868.34965694207,2213.9651523202724,30.25810570096169
CA,2022-04-30,45.136206558488794,525630.8876744553,2240.794825001135,30.370550517441853
CA,2022-05-31,46.50645133207314,532698.0225009151,2132.28670987034,30.376026286553582
CA,2022-06-30,47.88116748581494,537353.3132231268,2154.251028938648,30.30574837649354
CA,2022-07-31,47.27496927107309,537894.479476909,2158.0038966097673,30.164295132768608
CA,2022-08-31,46.059961133318126,534685.4183396499,2150.849418724343,30.00914176264658
CA,2022-09-30,49.29541786204997,496262.05775570753,2151.29310237723,29.812576901482004
CA,2022-10-31,52.24980575385833,522562.95563272625,2163.257713508393,29.707645307722803
CA,2022-11-30,51.48262405565892,516763.3351268168,2163.459660352396,29.529126467610027
CA,2022-12-31,49.220919671942596,511860.16122661886,2155.5072718715746,29.557273099434926
CA,2023-01-31,48.704046083133775,507509.29324190563,2162.997477501473,29.41075112135274
CA,2023-02-28,48.09806588101543,503952.7287660871,2115.407906810793,29.365678662051568
CA,2023-03-31,48.77889487904066,502577.5728118759,2162.0190100946493,29.19809889504264
CA,2023-04-30,47.76352296551237,502335.2173021966,2185.838600277936,29.15089038457698
CA,2023-05-31,48.051750416307684,504117.2243797148,2148.938863264695,29.027422027201965
CA,2023-06-30,49.29615463019523,504954.22653608106,2159.6754668125877,29.077810221789615
CA,2023-07-31,49.957324474806036,505349.327811268,2170.5160904631057,28.8879569651807
CA,2023-08-31,51.04851257680296,504403.4098715761,2175.8126120829597,28.96694327631354
CA,2023-09-30,51.60341736552239,503125.53992730874,2177.0437423942913,28.938496141076648
CA,2023-10-31,53.2302930524967,499599.19607494486,2173.451415924192,28.97319784251784
CA,2023-11-30,52.3511534607074,495664.64578630275,2165.278838170949,28.95734684690779
CA,2023-12-31,49.685419171070016,491897.2801624364,2160.056985254865,28.91655506626799
CA,2024-01-31,49.02633782638506,488258.38430537574,2163.8291333463703,28.933058117286606
CA,2024-02-29,49.52047443696303,486845.31133954105,2182.058750727089,29.08895191597303
CA,2024-03-31,49.73162527117648,488510.79205391795,2191.3518443978965,29.23351833511336
CA,2024-04-30,50.51990213112574,490926.65357008186,2206.682447874865,29.217494549772972
CA,2024-05-31,50.87725098228327,492449.1837687158,2217.570958322469,29.215456436470628
CA,2024-06-30,50.241358696077654,492714.2115609699,2227.882071078644,28.981346852196964
CA,2024-07-31,49.818125258087676,492548.83574324823,2175.5106191925065,29.012388651963306
CA,2024-08-31,48.27289710907105,492998.79022371065,2183.551843380196,29.070218225541232
CA,2024-09-30,47.05757531200991,493793.1894496215,2183.0826841443686,28.796439549312314
CA,2024-10-31,47.90684189583474,493722.58785597247,2179.9499595986968,28.98987984973994
CA,2024-11-30,49.28650790330796,492519.1475656795,2176.6540068493496,29.23350250906688
CA,2024-12-31,48.883477863662556,490338.7295082536,2166.25848048502,29.266571032658682
CA,2025-01-31,50.06121461373725,488341.2223713377,2166.0822788025785,29.293119472452066
CA,2025-02-28,49.479133257681895,486269.46743631957,2165.983572116895,29.32016673710172
CA,2025-03-31,48.482965232322584,484145.1722726583,2183.712199483173,29.193914211724714
CA,2025-04-30,48.49498893956544,483008.1233303462,2196.2792658082485,29.13242884919336
CA,2025-05-31,48.61783290604228,481633.639591244,2209.792981155291,29.0829692133454
CA,2025-06-30,48.44033380585209,480408.24689794146,2219.096177503538,29.09632652327459
CA,2025-07-31,47.895112195440916,478481.7847657228,2224.5884512806,29.049876381587783
CA,2025-08-31,47.107266689561534,476941.9670942653,2244.6096680336,28.979565222251146
CA,2025-09-30,46.07885107294993,476004.89653176593,2228.1450021425285,28.947129247668514
CA,2025-10-31,45.56661455751306,475816.90166733146,2225.2802014322347,28.92830941609777
CA,2025-11-30,45.44178217876801,476226.3475820251,2215.7599131855045,28.9416288881041
CA,2025-12-31,45.24454021380016,477111.2567542762,2109.2978931249763,28.964909851554225
CA,2026-01-31,44.86528770900839,477575.31664783857,2105.922993642268,28.9037213853156
CA,2026-02-28,44.58690773405075,479123.77600752504,2128.3106642855955,28.814951035630184
CO,2000-01-31,,174725.74116381563,,
CO,2000-02-29,,174996.04785533057,,
CO,2000-03-31,,174536.55196359137,,
CO,2000-04-30,,174129.05541417233,,
CO,2000-05-31,,173829.35045146744,,
CO,2000-06-30,,174482.35298574192,,
CO,2000-07-31,,175579.0018009226,,
CO,2000-08-31,,177011.80328575766,,
CO,2000-09-30,,178589.4674835992,,
CO,2000-10-31,,180478.7687009722,,
CO,2000-11-30,,182129.8809530729,,
CO,2000-12-31,,183402.5433558507,,
CO,2001-01-31,,184600.35781182625,,
CO,2001-02-28,,185718.1405291369,,
CO,2001-03-31,,187180.58622595435,,
CO,2001-04-30,,188582.3577160988,,
CO,2001-05-31,,190175.56130619792,,
CO,2001-06-30,,191504.7789093308,,
CO,2001-07-31,,192496.12961891625,,
CO,2001-08-31,,193564.7497281277,,
CO,2001-09-30,,194939.8772133514,,
CO,2001-10-31,,196672.7676879455,,
CO,2001-11-30,,198098.57972062292,,
CO,2001-12-31,,199358.0377170619,,
CO,2002-01-31,,200275.00401403083,,
CO,2002-02-28,,201153.0177348307,,
CO,2002-03-31,,202266.24283508383,,
CO,2002-04-30,,203484.4502514868,,
CO,2002-05-31,,204881.0657877511,,
CO,2002-06-30,,206017.92223441333,,
CO,2002-07-31,,207041.42173514,,
CO,2002-08-31,,207992.30139994735,,
CO,2002-09-30,,208932.95194726333,,
CO,2002-10-31,,209899.36380327845,,
CO,2002-11-30,,210643.0046972349,,
CO,2002-12-31,,211335.99307867672,,
CO,2003-01-31,,211924.4346941081,,
CO,2003-02-28,,212437.96160439064,,
CO,2003-03-31,,212671.0469332704,,
CO,2003-04-30,,212911.91315238216,,
CO,2003-05-31,,224376.8072636463,,
CO,2003-06-30,,224333.40832341844,,
CO,2003-07-31,,224282.50797773036,,
CO,2003-08-31,,224707.01122319273,,
CO,2003-09-30,,224965.2325325171,,
CO,2003-10-31,,225198.35493620572,,
CO,2003-11-30,,225333.48606723582,,
CO,2003-12-31,,225451.90098148072,,
CO,2004-01-31,,225538.76548045618,,
CO,2004-02-29,,225883.6933317241,,
CO,2004-03-31,,226391.22676045328,,
CO,2004-04-30,,227043.64714710292,,
CO,2004-05-31,,227744.56710581764,,
CO,2004-06-30,,228310.9261760583,,
CO,2004-07-31,,228994.14249372564,,
CO,2004-08-31,,229738.78077251976,,
CO,2004-09-30,,230628.0755949464,,
CO,2004-10-31,,231400.9827911436,,
CO,2004-11-30,,231742.43207198527,,
CO,2004-12-31,,231956.30098286396,,
CO,2005-01-31,,232230.0584544493,,
CO,2005-02-28,,232225.49185796708,,
CO,2005-03-31,,232336.26774328924,,
CO,2005-04-30,,232889.48472745903,,
CO,2005-05-31,,233215.52009189088,,
CO,2005-06-30,,233449.56580781564,,
CO,2005-07-31,,233363.2530516148,,
CO,2005-08-31,,233564.99719135993,,
CO,2005-09-30,,233803.5355899081,,
CO,2005-10-31,,249274.8138320712,,
CO,2005-11-30,,249688.8192370239,,
CO,2005-12-31,,234597.8581329463,,
CO,2006-01-31,,219072.69487830397,,
CO,2006-02-28,,219460.7292778853,,
CO,2006-03-31,,219869.04972768333,,
CO,2006-04-30,,235562.36067027965,,
CO,2006-05-31,,235859.52064540025,,
CO,2006-06-30,,236367.764164446,,
CO,2006-07-31,,236867.3637350171,,
CO,2006-08-31,,237358.97262624966,,
CO,2006-09-30,,237846.59440447472,,
CO,2006-10-31,,238055.68486608102,,
CO,2006-11-30,,237858.76818591077,,
CO,2006-12-31,,238355.0903874131,,
CO,2007-01-31,,239358.8541238691,,
CO,2007-02-28,,240380.80989828322,,
CO,2007-03-31,,241478.21342555195,,
CO,2007-04-30,,242871.188882788,,
CO,2007-05-31,,244722.1012966981,,
CO,2007-06-30,,246528.8834925008,,
CO,2007-07-31,,248192.1721562447,,
CO,2007-08-31,,249701.06549149624,,
CO,2007-09-30,,250727.15541234508,,
CO,2007-10-31,,251274.41290725948,,
CO,2007-11-30,,250637.0406732357,,
CO,2007-12-31,,249593.70225476674,,
CO,2008-01-31,,248135.87879103958,,
CO,2008-02-29,,246588.53445875127,,
CO,2008-03-31,,245125.27889150966,,
CO,2008-04-30,,243800.48358132236,,
CO,2008-05-31,,242731.9531603769,,
CO,2008-06-30,,241734.3543551846,,
CO,2008-07-31,,240577.097314083,,
CO,2008-08-31,,239554.76332554442,,
CO,2008-09-30,,236280.338774855,,
CO,2008-10-31,,235621.13628416116,,
CO,2008-11-30,,234946.45144236405,,
CO,2008-12-31,,236467.94225526642,,
CO,2009-01-31,,239141.94740439835,,
CO,2009-02-28,,239617.17557101816,,
CO,2009-03-31,,239829.48189599728,,
CO,2009-04-30,,239478.0622525861,,
CO,2009-05-31,,238952.44268245375,,
CO,2009-06-30,,237819.04550445688,,
CO,2009-07-31,,234945.47937912625,,
CO,2009-08-31,,231939.89823352316,,
CO,2009-09-30,,231486.77439922435,,
CO,2009-10-31,,231553.40064692052,,
CO,2009-11-30,,231634.5626136964,,
CO,2009-12-31,,231858.9475045,,
CO,2010-01-31,,232494.78688511057,,
CO,2010-02-28,,233541.68125626488,,
CO,2010-03-31,,234523.54378442824,,
CO,2010-04-30,,234923.04251783853,,
CO,2010-05-31,,234724.59074034123,,
CO,2010-06-30,,234017.2401519442,,
CO,2010-07-31,,233062.11296319868,,
CO,2010-08-31,,231865.8414949465,,
CO,2010-09-30,,230594.5720804399,,
CO,2010-10-31,,229302.06885236947,,
CO,2010-11-30,,228236.22487286796,,
CO,2010-12-31,,227367.3752495841,,
CO,2011-01-31,,226638.41585293747,,
CO,2011-02-28,,225801.50966875523,,
CO,2011-03-31,,224918.6814736433,,
CO,2011-04-30,,224223.05945931605,,
CO,2011-05-31,,223244.597990384,,
CO,2011-06-30,,222403.56795537216,,
CO,2011-07-31,,221603.85872188176,,
CO,2011-08-31,,221226.7158607045,,
CO,2011-09-30,,221074.87469652083,,
CO,2011-10-31,,220998.8533856405,,
CO,2011-11-30,,221000.8688019458,,
CO,2011-12-31,,220973.8313667104,,
CO,2012-01-31,22.58243912429716,210806.14256687008,,
CO,2012-02-29,22.508355990226438,211231.67016443954,,
CO,2012-03-31,22.627423849147892,211646.83528747945,,
CO,2012-04-30,22.51840468394061,211710.56443765992,,
CO,2012-05-31,22.3039620240259,211979.17060749995,,
CO,2012-06-30,22.14544844208745,212772.34886076485,,
CO,2012-07-31,22.047858474504388,214113.26066843985,,
CO,2012-08-31,22.33102574907956,215836.07597791072,,
CO,2012-09-30,22.23324877820477,217804.87536884355,,
CO,2012-10-31,22.08532948968452,219832.0083946468,,
CO,2012-11-30,22.06189295713666,221713.8993133744,,
CO,2012-12-31,22.12693031010056,223344.4499685236,,
CO,2013-01-31,22.343759406047102,224825.0387013813,,
CO,2013-02-28,22.71598519471069,226194.3755743772,,
CO,2013-03-31,22.78940185214404,227270.80517325565,,
CO,2013-04-30,22.514707869945948,228328.45244322153,,
CO,2013-05-31,22.71352492672053,229543.09861246208,,
CO,2013-06-30,24.03974144599568,231137.30303011194,,
CO,2013-07-31,24.78992324487117,232908.33464293642,,
CO,2013-08-31,25.13539447152553,234729.63902572234,,
CO,2013-09-30,25.318566537035732,236365.82676524646,,
CO,2013-10-31,24.75064305396682,237654.35508700408,,
CO,2013-11-30,24.908225629326942,238792.59844496724,,
CO,2013-12-31,25.31710884188254,239934.3890931342,,
CO,2014-01-31,24.77686710012081,240884.8205663251,,
CO,2014-02-28,24.49199842366591,241922.66931139905,,
CO,2014-03-31,24.57446219743559,243019.48759544297,,
CO,2014-04-30,24.59169611967321,244068.7542100207,,
CO,2014-05-31,24.26323939711101,244978.54803589883,,
CO,2014-06-30,24.15606371909367,246415.4743691681,,
CO,2014-07-31,23.98949366359664,248412.64257142186,,
CO,2014-08-31,23.869235408194513,250640.9932854444,,
CO,2014-09-30,23.95667157114624,253264.03732828863,,
CO,2014-10-31,23.67315836600574,255891.4470920905,,
CO,2014-11-30,23.59571599219246,258669.77198485006,,
CO,2014-12-31,23.38099974529714,261436.646239561,,
CO,2015-01-31,23.224159414988847,264832.71190311364,1194.5646358065685,21.28736903754772
CO,2015-02-28,23.47146799031707,268483.002951828,1216.956801967371,21.49820190194008
CO,2015-03-31,23.75619621532853,272184.0613586974,1179.1393133315844,21.290579841737213
CO,2015-04-30,23.698566934937272,275476.80602329987,1116.255332430004,20.95004744345871
CO,2015-05-31,24.19921614757532,278361.13333107944,1105.6096487450934,21.09188932507252
CO,2015-06-30,24.62353041358881,281151.1594751249,1096.3531409522818,21.161693394148028
CO,2015-07-31,24.878848756010267,284175.3341421954,1114.0577968276025,21.14860784035987
CO,2015-08-31,24.65403166464682,287499.98847020377,1119.9845845394073,21.08615485382915
CO,2015-09-30,24.63499492672251,290811.4023817823,1136.808247397934,21.07417465457337
CO,2015-10-31,24.40259852060365,293620.8687154933,1130.9327974791895,21.11401443888971
CO,2015-11-30,24.71610264389126,296327.11824765406,1139.629737867013,21.15372932394039
CO,2015-12-31,24.829228022979528,299004.115529904,1140.7428467461978,21.13893470078148
CO,2016-01-31,25.082032528017773,302014.007995169,1144.6089779032943,21.10945784907953
CO,2016-02-29,24.75905369088434,282646.2358084377,1141.4198493255544,21.12570935915827
CO,2016-03-31,24.95398566043438,285193.2645682997,1165.1939709415515,21.1511808079403
CO,2016-04-30,24.8604161185875,287754.93885029206,1184.3486685957564,21.14729945987012
CO,2016-05-31,24.96835672028748,290318.44558552053,1217.8938356983126,21.0811529886379
CO,2016-06-30,25.059857918298178,292703.8879300182,1223.7677948194282,21.13294376901259
CO,2016-07-31,24.92996199009763,294982.9943184828,1232.6605589623593,21.30597705416418
CO,2016-08-31,25.05784119150769,296884.1060524142,1227.5162486576826,21.41333099023909
CO,2016-09-30,25.28445688264321,298788.45499879005,1237.3470131724541,21.586887053697378
CO,2016-10-31,25.472967374592333,300586.94082908146,1232.717920929344,21.63731047179173
CO,2016-11-30,26.39157126952562,302931.2438841131,1229.4769635882958,21.66119820149149
CO,2016-12-31,27.624844647577618,305590.9604247148,1226.6481646961138,21.588992435379982
CO,2017-01-31,27.390070194952408,308399.697414899,1235.6094219879503,21.741594231023182
CO,2017-02-28,27.63651502932985,311430.2962183834,1253.083532541024,21.9087390049053
CO,2017-03-31,27.91969242059766,314577.9750809167,1263.8659547621617,21.96540389723603
CO,2017-04-30,27.75105687110704,317857.97004252224,1268.2045046431792,22.01965706698074
CO,2017-05-31,27.84414818822721,320827.9705790071,1283.9097318019064,22.04972316814754
CO,2017-06-30,27.70294418319303,323660.99322813656,1297.1224500046756,22.01582859819517
CO,2017-07-31,27.95609746331904,326081.3062508529,1297.7766482394077,22.00014837570244
CO,2017-08-31,27.80003007119836,328390.5038635141,1300.846781140783,21.97547406920257
CO,2017-09-30,27.624854006561478,330657.0006222773,1299.1330877754456,21.952800197227628
CO,2017-10-31,27.87081286915372,332989.46243622625,1230.063544016254,21.88055643586502
CO,2017-11-30,27.943075812136193,335165.3187248495,1288.1694563837987,21.82455529746224
CO,2017-12-31,28.03365453483075,337521.7244161211,1281.7644736360085,21.78999016022469
CO,2018-01-31,28.68669983253805,340319.4787012285,1289.9318781386603,21.74066607437997
CO,2018-02-28,29.542800094639237,343317.9113637932,1305.8444231805483,21.712047840654318
CO,2018-03-31,29.91108431969251,346453.3187346726,1327.8304744153857,21.650430642393708
CO,2018-04-30,29.96827755471907,348853.366727463,1340.9419527859905,21.602322267422338
CO,2018-05-31,30.274729581980857,351052.5856121437,1344.0860501228458,21.50073609855259
CO,2018-06-30,30.227616676788987,352738.01569595165,1346.3431110932152,21.46103521314278
CO,2018-07-31,30.13453610822116,354635.4763898283,1350.0222767948976,21.43239424877639
CO,2018-08-31,30.21047432124147,356336.4556924803,1357.800346533239,21.45717324490376
CO,2018-09-30,30.48881508846738,357892.57781135367,1359.1794148361132,21.4857739527381
CO,2018-10-31,31.111202223124128,359307.4631779495,1360.3553013264232,21.52347588442226
CO,2018-11-30,31.279134442037908,360853.5832722374,1353.4330184626058,21.53636989901535
CO,2018-12-31,30.648783372360988,362296.8750945987,1362.7658490067518,21.50964816894228
CO,2019-01-31,29.461531631378218,364090.2338446225,1368.961490373756,21.469043415600588
CO,2019-02-28,29.260642015528237,366212.8010491408,1385.5196762538308,21.44694694082486
CO,2019-03-31,29.09252617212567,368433.6926338783,1395.7935650788377,21.45760866925994
CO,2019-04-30,28.837276211268197,370017.6933966721,1401.7704840525535,21.46794390347763
CO,2019-05-31,28.6554211846395,370744.2770927639,1399.097496502287,21.51183075587202
CO,2019-06-30,27.92159481194053,371420.6104513914,1402.1348753748184,21.52702188464885
CO,2019-07-31,27.80382395680353,372169.870641469,1403.8225018309063,21.52806304980095
CO,2019-08-31,27.43500139569649,373314.0827596908,1406.282812971395,21.50609670733208
CO,2019-09-30,27.48945836231399,374439.4573096622,1406.3737647760654,21.55335078703244
CO,2019-10-31,27.820682227838113,375876.5411145084,1403.9452463503071,21.626358592740598
CO,2019-11-30,27.95723415432881,377470.5313088118,1400.885056708441,21.6942331000769
CO,2019-12-31,28.10314900849425,379233.23411809007,1398.1002533653077,21.686706976997648
CO,2020-01-31,28.39231281897407,381367.17402762297,1407.4952979395944,21.67380270473046
CO,2020-02-29,28.04404230520035,383402.9907172128,1417.486532082235,21.63320655629516
CO,2020-03-31,27.948673729598827,385612.34449556447,1431.1641820848138,21.5138159735593
CO,2020-04-30,27.453348267955306,387172.62804776704,1430.8987525628472,21.3034861920289
CO,2020-05-31,27.113740107955497,387988.6997920197,1435.202432236545,21.30605965407661
CO,2020-06-30,26.84344381476639,388222.1939380624,1431.6519132205963,21.07041748311155
CO,2020-07-31,26.42252246848505,388796.2884514931,1435.2935766840453,21.091993167841412
CO,2020-08-31,26.263921456766333,390589.50909975794,1436.1282403177597,21.160319364535802
CO,2020-09-30,26.40447402079259,393885.8835002479,1433.656016335026,21.579377003040328
CO,2020-10-31,26.584203017450942,397979.0946158746,1437.7123890445525,21.7551677322087
CO,2020-11-30,26.718930002507406,402574.1758826465,1436.0242335131597,22.13788877774076
CO,2020-12-31,26.55413783624962,406935.36135336896,1442.8196152887876,22.19148066271662
CO,2021-01-31,26.31349624510752,411539.0046505852,1502.2292827455528,22.25781183561226
CO,2021-02-28,26.58832578024465,416819.5174573152,1526.3256167914972,22.30986310512271
CO,2021-03-31,27.577303751261827,422886.51942347,1536.3349464861567,22.337508150043302
CO,2021-04-30,27.85204040117425,429436.5236364899,1560.5946916016203,22.54921670094939
CO,2021-05-31,27.939783728311866,436692.02814529714,1573.745320403654,22.67942209052409
CO,2021-06-30,28.204898275342988,444445.87117613823,1600.373607761078,22.82771824738622
CO,2021-07-31,28.098444365613627,451874.5332668872,1618.906209719532,22.96145966969631
CO,2021-08-31,28.17848687668476,457887.1648966374,1641.7458986203967,23.096801695122927
CO,2021-09-30,28.71777833644731,462525.0682543791,1652.4044983216306,23.32665143111466
CO,2021-10-31,29.628606985724147,467175.0481590761,1670.6025416233506,23.48180944132955
CO,2021-11-30,30.083731703394566,472724.3108206415,1672.7450416946035,23.66388108035222
CO,2021-12-31,30.36682277146856,478757.18888063775,1678.268849379001,23.62558570303884
CO,2022-01-31,31.53682547002572,485151.5879315543,1678.46395485796,23.555124269053678
CO,2022-02-28,32.77765427014264,492339.1266715275,1690.9653495081084,23.41425978083461
CO,2022-03-31,34.628037625524435,501292.5189580813,1702.5405162809395,23.37536205864679
CO,2022-04-30,37.95247700711193,510870.0899176185,1715.5307577754515,23.39100428961422
CO,2022-05-31,39.37059699751316,519025.0693240271,1731.432048037669,23.422707381741407
CO,2022-06-30,40.51669892728691,524586.2397061711,1755.0940390984997,23.36731548077517
CO,2022-07-31,39.981687991673724,525870.342674865,1775.39370949708,23.23734344562347
CO,2022-08-31,39.03957633884177,523657.5772435044,1792.223660608268,23.05639084303074
CO,2022-09-30,41.82807035849843,519058.41205416224,1794.166440638567,22.984408343158442
CO,2022-10-31,44.35878780583793,515411.7456519165,1801.5307007454676,22.96376226366085
CO,2022-11-30,43.65001695715726,512393.4762500475,1795.472554463038,23.04135700661627
CO,2022-12-31,41.61709279497685,509979.6273095216,1792.5464234358649,23.16009917991658
CO,2023-01-31,40.80725681834194,506812.9249918379,1808.627882796441,23.43757370200989
CO,2023-02-28,40.41554907487774,503839.7123263553,1822.189754445116,23.3684955238072
CO,2023-03-31,41.33727548853079,500674.130427236,1844.1152921104942,23.40081310283019
CO,2023-04-30,40.686574362720265,498505.79625200544,1839.9864717824853,23.24383073406874
CO,2023-05-31,41.063748945019505,497513.2481707984,1847.987933929645,23.38749043266333
CO,2023-06-30,42.05973371162841,497979.19614505256,1860.8066227776128,23.45724430341231
CO,2023-07-31,42.406282903177825,498940.2726717301,1870.402525786704,23.39017359383132
CO,2023-08-31,43.11119898697679,499985.3773392546,1876.395078298609,23.45619673933318
CO,2023-09-30,43.457199350687446,500703.3362762034,1807.479832750752,23.583473893279542
CO,2023-10-31,44.81459250742385,500738.7045247524,1806.0278832999984,23.80834395159925
CO,2023-11-30,44.045356941975896,500065.9484044373,1816.2455458889212,23.69500500125386
CO,2023-12-31,41.6960455168178,499135.7336299518,1820.813977424059,23.647885597099087
CO,2024-01-31,41.01864710594762,498576.12419060734,1841.0436982308916,23.73660663435451
CO,2024-02-29,41.38428602528414,498792.78209283535,1888.0807869336056,23.878114742839198
CO,2024-03-31,41.52334840324669,499615.1478253892,1899.7966397225143,23.81153332728925
CO,2024-04-30,42.15314544383387,501083.4615693711,1914.1179598489352,23.79979778848904
CO,2024-05-31,42.36262261719312,501775.4682158712,1928.677608780556,23.881207648538698
CO,2024-06-30,41.84137511795641,501581.859599533,1944.9338227466376,23.91355647637722
CO,2024-07-31,41.57306261742476,501127.937232154,1945.3544245114256,23.97617629354426
CO,2024-08-31,40.35555824823857,501590.3158009844,1943.330369786972,23.967796979536722
CO,2024-09-30,39.43355269283565,503063.95584744914,1930.211500965244,23.90507584104901
CO,2024-10-31,40.24202058074688,504432.1068542165,1907.0883586398968,23.87413885198222
CO,2024-11-30,41.501379144154086,505590.11845334223,1888.680124077031,23.87997683891355
CO,2024-12-31,41.194616903146,506270.5594432066,1867.1483384834385,23.833750594588608
CO,2025-01-31,42.02234328527917,506702.0574215245,1858.152973980925,23.84841704172094
CO,2025-02-28,41.64141473888594,506328.7366634757,1894.4436002961702,23.93155355745021
CO,2025-03-31,40.886330240013216,505003.3367968656,1914.5476100880574,23.99277090504838
CO,2025-04-30,40.75554096628191,503199.0500077174,1930.2213446107835,24.08736333753632
CO,2025-05-31,40.651662270268105,501217.3252165977,1942.7160535855855,23.99794656643993
CO,2025-06-30,40.340957771904826,499400.2604423271,1953.7258468053683,23.99239206388313
CO,2025-07-31,39.76916687893884,497778.1546571813,1956.2111593120699,24.015037666835582
CO,2025-08-31,39.17290046623928,496619.2819309241,1974.6000362607974,24.05110633526057
CO,2025-09-30,38.443123931751884,495964.262758536,1964.0202588994584,24.109660120970968
CO,2025-10-31,38.07627559941202,495467.9186094298,1930.2443267319568,24.09996319912536
CO,2025-11-30,37.96765342889596,495119.7030249394,1905.9931608824984,24.069267374338622
CO,2025-12-31,37.74426934780521,494820.3696136892,1843.575118827652,24.00990846011355
CO,2026-01-31,37.35076931084928,494500.1540175993,1840.16722147483,23.931110991248968
CO,2026-02-28,36.99788144207245,493833.9944068794,1853.5380600662031,24.004303416297677
