RegionID,SizeRank,RegionName,RegionType,StateName,date,zhvi,zori,homeowner_affordability,renter_affordability,geo_scope
394297,677,"Aberdeen, SD",msa,SD,2026-02-28,232284.5568999959,964.0,,,metro
394298,473,"Aberdeen, WA",msa,WA,2026-02-28,316638.50680592464,1428.7698412698412,,,metro
394299,251,"Abilene, TX",msa,TX,2026-02-28,204420.12614349424,1770.018538166814,25.84074050383527,31.99518098685008,metro
394300,720,"Ada, OK",msa,OK,2026-02-28,182151.4533313649,999.0277777777778,,,metro
394302,393,"Adrian, MI",msa,MI,2026-02-28,231023.33714574613,1125.0,,,metro
394304,83,"Akron, OH",msa,OH,2026-02-28,229452.93422900408,1238.9009525543015,25.975506582438218,19.833711065688682,metro
394305,493,"Alamogordo, NM",msa,NM,2026-02-28,227461.4891072944,1468.4309764309764,,,metro
394306,295,"Albany, GA",msa,GA,2026-02-28,161617.7671569247,1047.9497354497355,23.57604138628632,20.66193052551474,metro
394308,64,"Albany, NY",msa,NY,2026-02-28,351956.8934187657,1611.334809493422,36.38279090633253,21.18400233278369,metro
394307,330,"Albany, OR",msa,OR,2026-02-28,405087.32161520864,1601.1360028860029,35.55623567931798,22.30660617881572,metro
394309,526,"Albemarle, NC",msa,NC,2026-02-28,298798.5069484054,1513.0,,,metro
394310,814,"Albert Lea, MN",msa,MN,2026-02-28,188642.099184438,,,,metro
394311,406,"Albertville, AL",msa,AL,2026-02-28,238578.83127550996,1461.111111111111,,,metro
394312,62,"Albuquerque, NM",msa,NM,2026-02-28,342448.7076241009,1502.850796813466,31.60459747111945,22.18532676787843,metro
786250,595,"Alexander City, AL",msa,AL,2026-02-28,,2200.0,,,metro
394314,286,"Alexandria, LA",msa,LA,2026-02-28,161992.71433565533,1020.0380952380953,22.23622829727426,20.92162706728956,metro
394315,711,"Alexandria, MN",msa,MN,2026-02-28,332387.2542411106,984.375,,,metro
394316,609,"Alice, TX",msa,TX,2026-02-28,129211.45407562167,,,,metro
394318,70,"Allentown, PA",msa,PA,2026-02-28,349765.3382113742,1767.4846515006684,32.52401921560064,23.90505349243362,metro
394319,684,"Alma, MI",msa,MI,2026-02-28,174805.97946168238,,,,metro
394320,824,"Alpena, MI",msa,MI,2026-02-28,185470.7828331744,,,,metro
394321,340,"Altoona, PA",msa,PA,2026-02-28,168366.0671545902,960.9722222222224,18.82816981053074,15.9780751542069,metro
394322,864,"Altus, OK",msa,OK,2026-02-28,108939.0140431995,,,,metro
394323,186,"Amarillo, TX",msa,TX,2026-02-28,212453.8558861461,1238.9041158805865,25.715994864117132,20.28098821311823,metro
394324,779,"Americus, GA",msa,GA,2026-02-28,133556.08980835482,,,,metro
394325,336,"Ames, IA",msa,IA,2026-02-28,257607.62528416564,1046.8595203967873,28.67378335753104,16.87454098213842,metro
394326,607,"Amsterdam, NY",msa,NY,2026-02-28,200181.57959707075,1331.9444444444443,,,metro
394327,139,"Anchorage, AK",msa,AK,2026-02-28,408311.8678917515,1679.182036019536,30.62154395017993,18.44841147669515,metro
394330,920,"Andrews, TX",msa,TX,2026-02-28,255210.4055422393,,,,metro
394331,774,"Angola, IN",msa,IN,2026-02-28,305611.0752773007,1103.8333333333337,,,metro
394332,148,"Ann Arbor, MI",msa,MI,2026-02-28,405507.07390837447,2038.8544081817663,34.31191460872842,25.4386824826512,metro
394333,357,"Anniston, AL",msa,AL,2026-02-28,168193.69676588092,923.5055555555556,24.35432855687164,20.04439319747322,metro
394334,197,"Appleton, WI",msa,WI,2026-02-28,335302.01555874955,1218.5370370370372,30.64805080784848,17.00187306814599,metro
394335,782,"Arcadia, FL",msa,FL,2026-02-28,246228.9226393028,,,,metro
394336,546,"Ardmore, OK",msa,OK,2026-02-28,176139.30747283428,1169.1666666666667,,,metro
394337,896,"Arkadelphia, AR",msa,AR,2026-02-28,159065.67062509252,,,,metro
394338,121,"Asheville, NC",msa,NC,2026-02-28,415437.6209971409,1756.7183313412024,36.828896249973106,25.95061654366309,metro
394339,586,"Ashland, OH",msa,OH,2026-02-28,233155.06392223155,889.9444444444445,,,metro
394340,404,"Ashtabula, OH",msa,OH,2026-02-28,172091.9846971136,1000.0,,,metro
394341,691,"Astoria, OR",msa,OR,2026-02-28,502123.7157405544,1700.361111111111,,,metro
394342,929,"Atchison, KS",msa,KS,2026-02-28,177404.67458990248,1216.6666666666667,,,metro
394346,217,"Athens, GA",msa,GA,2026-02-28,361286.1815857513,1726.3766399628469,41.40511303702014,30.15911260515381,metro
394343,521,"Athens, OH",msa,OH,2026-02-28,179071.6896392542,,,,metro
394344,584,"Athens, TN",msa,TN,2026-02-28,250437.03409378548,1153.7301587301588,,,metro
394345,446,"Athens, TX",msa,TX,2026-02-28,263659.02977444365,1371.0079365079366,,,metro
394347,9,"Atlanta, GA",msa,GA,2026-02-28,376108.097313728,1807.9933149144365,30.66327487927128,22.25623847989599,metro
394348,180,"Atlantic City, NJ",msa,NJ,2026-02-28,369317.3255482856,2163.3423288355825,36.26360240691335,30.64940283758231,metro
394351,253,"Auburn, AL",msa,AL,2026-02-28,342025.124226433,1636.792929292929,32.88297550090045,26.59902017358316,metro
394349,672,"Auburn, IN",msa,IN,2026-02-28,244174.08669091656,,,,metro
394350,464,"Auburn, NY",msa,NY,2026-02-28,219598.4907079274,1169.5,,,metro
394352,96,"Augusta, GA",msa,GA,2026-02-28,242562.9405202839,1442.233269660054,23.66171960290038,22.70761918683536,metro
394353,339,"Augusta, ME",msa,ME,2026-02-28,303419.2477095439,1420.798611111111,,,metro
394354,698,"Austin, MN",msa,MN,2026-02-28,197192.7159022441,830.0,,,metro
394355,29,"Austin, TX",msa,TX,2026-02-28,424642.2094300382,1563.2481090115027,34.7192022330914,17.931079764021728,metro
394356,823,"Bainbridge, GA",msa,GA,2026-02-28,172378.6897694051,,,,metro
394357,63,"Bakersfield, CA",msa,CA,2026-02-28,358484.19783323054,1757.0215849513345,36.38246179106449,27.74605821719612,metro
394358,20,"Baltimore, MD",msa,MD,2026-02-28,394495.4383607084,1857.133568376452,29.570569034245842,21.47188775711679,metro
394359,288,"Bangor, ME",msa,ME,2026-02-28,265914.220736228,1555.75,30.48582991333012,26.684008674673223,metro
394360,505,"Baraboo, WI",msa,WI,2026-02-28,326386.0679574013,1150.9333333333334,,,metro
753865,633,"Bardstown, KY",msa,KY,2026-02-28,263746.9592881832,1225.5833333333333,,,metro
394361,202,"Barnstable Town, MA",msa,MA,2026-02-28,735782.818773572,2686.402777777778,58.347639787477505,35.531494001451506,metro
394362,540,"Barre, VT",msa,VT,2026-02-28,378503.4891175486,1543.3333333333333,,,metro
394363,590,"Bartlesville, OK",msa,OK,2026-02-28,180073.62677511034,1125.9595238095235,,,metro
394365,545,"Batavia, NY",msa,NY,2026-02-28,212099.9350097296,,,,metro
394366,571,"Batesville, AR",msa,AR,2026-02-28,157236.97303958712,945.0,,,metro
394367,66,"Baton Rouge, LA",msa,LA,2026-02-28,241806.29678129064,1354.2965380502585,27.04263910500911,22.251603093866528,metro
394368,318,"Battle Creek, MI",msa,MI,2026-02-28,179710.67288339176,1152.361111111111,21.48168263821265,20.0262736712934,metro
394369,380,"Bay City, MI",msa,MI,2026-02-28,175919.3063091431,1276.6349206349205,21.56544285675922,22.27067161479997,metro
394370,751,"Bay City, TX",msa,TX,2026-02-28,200487.05305537695,863.1111111111112,,,metro
394371,891,"Beatrice, NE",msa,NE,2026-02-28,191815.2145641047,1025.0,,,metro
394372,140,"Beaumont, TX",msa,TX,2026-02-28,177552.82491372697,1273.3564063185606,24.747389506167668,22.130811191548432,metro
394373,420,"Beaver Dam, WI",msa,WI,2026-02-28,308261.07317485166,1220.5,,,metro
394374,358,"Beckley, WV",msa,WV,2026-02-28,142153.7490616855,1054.2222222222222,20.30799006476097,23.38764942935648,metro
394375,654,"Bedford, IN",msa,IN,2026-02-28,203788.2462025321,,,,metro
394376,808,"Beeville, TX",msa,TX,2026-02-28,160973.41287581212,,,,metro
394377,638,"Bellefontaine, OH",msa,OH,2026-02-28,241872.9129032501,1181.0,,,metro
394378,205,"Bellingham, WA",msa,WA,2026-02-28,606918.447266614,1922.10357540124,48.9357020763355,25.17501749772006,metro
394379,637,"Bemidji, MN",msa,MN,2026-02-28,255905.7482451666,1419.2857142857144,,,metro
394380,232,"Bend, OR",msa,OR,2026-02-28,660309.6868054311,2144.677065968088,46.52081175699297,25.18893980185038,metro
394381,846,"Bennettsville, SC",msa,SC,2026-02-28,118738.8308754587,,,,metro
394382,736,"Bennington, VT",msa,VT,2026-02-28,357530.7730576032,1554.1666666666667,,,metro
394383,805,"Berlin, NH",msa,NH,2026-02-28,248059.7347665105,1412.5,,,metro
394384,697,"Big Rapids, MI",msa,MI,2026-02-28,214865.95924970057,1083.6666666666667,,,metro
394385,770,"Big Spring, TX",msa,TX,2026-02-28,141289.8228627053,1207.2222222222224,,,metro
753866,695,"Big Stone Gap, VA",msa,VA,2026-02-28,124597.97391683188,,,,metro
394386,239,"Billings, MT",msa,MT,2026-02-28,398725.1500176991,1364.3484035344502,34.76767967512552,19.9301393540041,metro
394387,195,"Binghamton, NY",msa,NY,2026-02-28,186801.595038872,1266.1761734997028,22.34804672973099,21.98536341877519,metro
394388,51,"Birmingham, AL",msa,AL,2026-02-28,255599.9053013368,1405.9765644666438,24.33612743265914,21.13865317970282,metro
394390,324,"Bismarck, ND",msa,ND,2026-02-28,344035.3431104712,1326.140246449457,29.71148162838669,17.2105370501718,metro
394391,623,"Blackfoot, ID",msa,ID,2026-02-28,373247.0327608308,1112.5,,,metro
394392,265,"Blacksburg, VA",msa,VA,2026-02-28,279324.28593428724,1728.346618357488,30.493776637245563,30.083282487883373,metro
753869,255,"Bloomington, IL",msa,IL,2026-02-28,248376.8546451983,1329.4384057971013,26.85555972758602,18.51741220651274,metro
394393,270,"Bloomington, IN",msa,IN,2026-02-28,291688.51891227905,1475.372978129709,31.26797377117594,24.8782146488864,metro
394395,439,"Bloomsburg, PA",msa,PA,2026-02-28,238697.8231010268,1166.9642857142856,26.42468309216759,19.34263811908631,metro
394396,371,"Bluefield, WV",msa,VA,2026-02-28,137562.1913848532,883.75,,,metro
394397,689,"Blytheville, AR",msa,AR,2026-02-28,109926.04066960236,,,,metro
394398,643,"Bogalusa, LA",msa,LA,2026-02-28,126681.4352893674,,,,metro
394399,79,"Boise City, ID",msa,ID,2026-02-28,485779.9171934578,1758.0919551998013,35.40212070956901,22.36190892409957,metro
786252,761,"Bonham, TX",msa,TX,2026-02-28,,1400.9444444444443,,,metro
394402,577,"Boone, NC",msa,NC,2026-02-28,492476.2767122156,1877.767676767677,,,metro
394403,899,"Borger, TX",msa,TX,2026-02-28,118279.52141533472,,,,metro
394404,10,"Boston, MA",msa,MA,2026-02-28,713764.4383542062,3097.7323271060063,43.44773722518419,29.741727448013002,metro
394405,156,"Boulder, CO",msa,CO,2026-02-28,713733.3620557905,2237.674005656929,47.97655503842862,24.801917191059637,metro
394406,248,"Bowling Green, KY",msa,KY,2026-02-28,261658.51955252155,1250.1911409491331,28.424944460786588,21.63702346726015,metro
394407,356,"Bozeman, MT",msa,MT,2026-02-28,689969.5320615952,2126.43425925926,43.94703437052938,22.811468257747862,metro
394409,692,"Bradford, PA",msa,PA,2026-02-28,104398.84510225458,,,,metro
394410,408,"Brainerd, MN",msa,MN,2026-02-28,343336.0390260152,1184.222222222222,,,metro
394411,561,"Branson, MO",msa,MO,2026-02-28,243786.07281853072,1475.5158730158728,,,metro
753871,811,"Breckenridge, CO",msa,CO,2026-02-28,972835.8108536324,3438.9076923076923,,,metro
394412,181,"Bremerton, WA",msa,WA,2026-02-28,573884.8009580197,1980.3545742232448,36.2760590901896,20.36255112434786,metro
394413,759,"Brenham, TX",msa,TX,2026-02-28,363749.9758332014,1435.2777777777776,,,metro
394414,792,"Brevard, NC",msa,NC,2026-02-28,465179.4985649013,1986.1111111111115,,,metro
394415,60,"Bridgeport, CT",msa,CT,2026-02-28,656749.4983476335,2730.9398357139253,43.19415617907234,26.702229559012768,metro
394417,766,"Brookhaven, MS",msa,MS,2026-02-28,163204.86190453594,,,,metro
394418,880,"Brookings, OR",msa,OR,2026-02-28,444249.68580211344,,,,metro
394419,778,"Brookings, SD",msa,SD,2026-02-28,307673.4806316884,1447.103988603989,,,metro
394421,130,"Brownsville, TX",msa,TX,2026-02-28,203175.412225448,1423.890852949724,30.65294069615228,30.558699949325902,metro
394422,721,"Brownwood, TX",msa,TX,2026-02-28,178049.83823200277,,,,metro
394423,360,"Brunswick, GA",msa,GA,2026-02-28,319361.3643397582,1660.8489278752438,34.14307569885245,27.060204984757867,metro
394424,683,"Bucyrus, OH",msa,OH,2026-02-28,153188.95935843882,,,,metro
394425,50,"Buffalo, NY",msa,NY,2026-02-28,271753.1819070287,1374.310884598038,26.03179750745571,21.64612696827872,metro
394426,640,"Burley, ID",msa,ID,2026-02-28,327677.8444410167,1400.0,,,metro
394427,649,"Burlington, IA",msa,IA,2026-02-28,138285.57568147476,867.25,,,metro
394428,260,"Burlington, NC",msa,NC,2026-02-28,290176.4754747896,1384.806514206514,33.03650931661605,24.02051791756416,metro
394429,206,"Burlington, VT",msa,VT,2026-02-28,455917.576157333,2143.531033781034,33.01190048502417,27.62458530684758,metro
394430,764,"Butte, MT",msa,MT,2026-02-28,274030.39722454775,1317.7777777777778,,,metro
394437,612,"Ca-¦on City, CO",msa,CO,2026-02-28,334849.3512475336,1330.059523809524,,,metro
394431,617,"Cadillac, MI",msa,MI,2026-02-28,221897.1936843285,,,,metro
394432,553,"Calhoun, GA",msa,GA,2026-02-28,273262.0289018524,1612.6666666666667,,,metro
753872,361,"California, MD",msa,MD,2026-02-28,422174.4481896966,1806.9700077399384,30.016217759179607,20.28415390424862,metro
394433,799,"Cambridge, MD",msa,MD,2026-02-28,270972.84141300776,,,,metro
394434,714,"Cambridge, OH",msa,OH,2026-02-28,158302.72035323305,1025.0,,,metro
394435,839,"Camden, AR",msa,AR,2026-02-28,104664.09163459728,,,,metro
394436,739,"Campbellsville, KY",msa,KY,2026-02-28,198026.7268012548,,,,metro
394439,137,"Canton, OH",msa,OH,2026-02-28,207278.0071210893,1026.3690656565657,23.30969648173267,16.71488477349278,metro
394440,78,"Cape Coral, FL",msa,FL,2026-02-28,339621.0341181514,1842.1782647945888,32.385942238873625,24.75591886619529,metro
394441,405,"Cape Girardeau, MO",msa,MO,2026-02-28,224799.5608367716,1011.8000730994152,25.43498366553234,17.863729759880258,metro
394442,321,"Carbondale, IL",msa,IL,2026-02-28,148057.3611105969,860.8630229419704,26.10046496546239,18.16519257971317,metro
394443,530,"Carlsbad, NM",msa,NM,2026-02-28,238820.5420151241,1761.8703703703704,,,metro
394444,551,"Carson City, NV",msa,NV,2026-02-28,482982.7417114234,1771.1944444444443,53.5428914632637,33.405008699690455,metro
394445,454,"Casper, WY",msa,WY,2026-02-28,303813.0631932323,1224.080808080808,30.55018933813915,19.78631942808641,metro
394446,562,"Cedar City, UT",msa,UT,2026-02-28,403936.42387516046,1546.0227272727273,,,metro
394447,179,"Cedar Rapids, IA",msa,IA,2026-02-28,233266.0835311804,1115.3528168366877,24.9564912999528,16.83937980842071,metro
394448,675,"Cedartown, GA",msa,GA,2026-02-28,214094.6067506465,,,,metro
394449,681,"Celina, OH",msa,OH,2026-02-28,263102.17022113845,,,,metro
394451,728,"Centralia, IL",msa,IL,2026-02-28,120982.11150882892,,,,metro
394452,447,"Centralia, WA",msa,WA,2026-02-28,423770.5725692439,1541.550925925926,,,metro
394453,277,"Chambersburg, PA",msa,PA,2026-02-28,281464.72131008893,1197.4199346405228,31.027163782851392,18.55762344418405,metro
394454,209,"Champaign, IL",msa,IL,2026-02-28,226413.18039529904,1305.8285903814265,29.80558259511567,23.0368881932086,metro
394456,549,"Charleston, IL",msa,IL,2026-02-28,144855.12739399166,,,,metro
394457,75,"Charleston, SC",msa,SC,2026-02-28,427769.2379502085,1968.753252326748,32.86046935319727,24.603044413169563,metro
394455,192,"Charleston, WV",msa,WV,2026-02-28,142363.00996502707,1030.9276018099547,16.920293931287837,18.87652365631925,metro
394458,23,"Charlotte, NC",msa,NC,2026-02-28,382567.16968867794,1715.7586937668027,30.895790596987787,22.59576693555613,metro
394459,212,"Charlottesville, VA",msa,VA,2026-02-28,457384.81826793606,1962.5423047102151,34.05262647235961,23.35922655089928,metro
394460,102,"Chattanooga, TN",msa,TN,2026-02-28,315851.77158983453,1499.992890314453,29.32951089529246,22.763420216741608,metro
394462,391,"Cheyenne, WY",msa,WY,2026-02-28,382159.1906898904,1500.142735042735,32.75704110640153,20.08058071274298,metro
394463,3,"Chicago, IL",msa,IL,2026-02-28,338685.2991077523,2132.285103756572,33.66235909417308,26.84313480665911,metro
394464,215,"Chico, CA",msa,CA,2026-02-28,396530.6148295353,1604.3656644357873,45.53840966348433,28.20897749727735,metro
394465,460,"Chillicothe, OH",msa,OH,2026-02-28,193963.3380475028,,,,metro
394466,28,"Cincinnati, OH",msa,OH,2026-02-28,299700.6092858142,1535.7346891668803,26.43603741611885,21.48148904719347,metro
394469,418,"Clarksburg, WV",msa,WV,2026-02-28,149278.68127023333,1017.2222222222222,,,metro
394470,889,"Clarksdale, MS",msa,MS,2026-02-28,56981.340356255736,,,,metro
394471,163,"Clarksville, TN",msa,TN,2026-02-28,289895.3862862073,1340.5251675988,27.367423179236848,21.05918052181202,metro
394472,492,"Clearlake, CA",msa,CA,2026-02-28,302573.62189120287,1578.0185185185185,,,metro
394473,806,"Cleveland, MS",msa,MS,2026-02-28,119171.4138556983,,,,metro
394475,35,"Cleveland, OH",msa,OH,2026-02-28,239419.28079111272,1393.5310094497725,27.83845982177917,22.61171160377664,metro
394474,334,"Cleveland, TN",msa,TN,2026-02-28,302272.5705901223,1365.013575605681,28.725260528471242,21.378284283064318,metro
394476,704,"Clewiston, FL",msa,FL,2026-02-28,273968.84580504295,1991.6666666666663,,,metro
394477,631,"Clinton, IA",msa,IA,2026-02-28,169187.36084865476,781.25,,,metro
394478,615,"Clovis, NM",msa,NM,2026-02-28,161832.63927169115,1251.825910931174,,,metro
394480,262,"Coeur d'Alene, ID",msa,ID,2026-02-28,586379.5859672716,1704.6419501133787,44.940858341402375,22.9829566130634,metro
394481,803,"Coffeyville, KS",msa,KS,2026-02-28,93827.1824246546,,,,metro
394482,660,"Coldwater, MI",msa,MI,2026-02-28,197456.7438874748,,,,metro
394483,189,"College Station, TX",msa,TX,2026-02-28,302526.53469227074,1622.192730972731,40.43760420880064,29.5753582147257,metro
394484,80,"Colorado Springs, CO",msa,CO,2026-02-28,452352.00146292266,1693.6207924148655,32.968614604689336,21.22672634238676,metro
394485,219,"Columbia, MO",msa,MO,2026-02-28,311408.84165827354,1398.993399487989,26.74717966854,19.394755672268673,metro
394486,72,"Columbia, SC",msa,SC,2026-02-28,250347.01468659355,1542.953332331217,24.86773184138803,24.738774743459928,metro
394488,158,"Columbus, GA",msa,GA,2026-02-28,203406.8564777974,1234.5866114561768,23.81054277962239,23.13569575941879,metro
394489,445,"Columbus, IN",msa,IN,2026-02-28,267772.06841564766,1348.650183150183,24.68766327176181,19.22707149974448,metro
394490,543,"Columbus, MS",msa,MS,2026-02-28,178977.32152200336,1338.936507936508,,,metro
394491,780,"Columbus, NE",msa,NE,2026-02-28,270095.79465632007,1526.8333333333337,,,metro
394492,32,"Columbus, OH",msa,OH,2026-02-28,321956.32845180255,1484.2623704459393,29.91497059567535,20.28992341447711,metro
394493,285,"Concord, NH",msa,NH,2026-02-28,472004.5849358083,1994.3931623931624,,,metro
394494,877,"Connersville, IN",msa,IN,2026-02-28,156606.4303284019,795.0,,,metro
394495,363,"Cookeville, TN",msa,TN,2026-02-28,286657.91921184474,1550.5925925925924,,,metro
394496,514,"Coos Bay, OR",msa,OR,2026-02-28,341829.2052700652,1779.4444444444443,,,metro
394498,905,"Cordele, GA",msa,GA,2026-02-28,129457.88437505456,,,,metro
394499,765,"Corinth, MS",msa,MS,2026-02-28,166867.71761646602,,,,metro
394500,644,"Cornelia, GA",msa,GA,2026-02-28,313931.03915006603,,,,metro
394501,413,"Corning, NY",msa,NY,2026-02-28,162239.06307502685,1281.3015873015872,,,metro
394502,129,"Corpus Christi, TX",msa,TX,2026-02-28,218984.2502957004,1420.607935489905,27.99687006094637,23.51529841387192,metro
394503,592,"Corsicana, TX",msa,TX,2026-02-28,222745.5803592184,1215.0583333333334,,,metro
394504,629,"Cortland, NY",msa,NY,2026-02-28,192216.66187651,1219.0833333333333,,,metro
394505,411,"Corvallis, OR",msa,OR,2026-02-28,547193.1021507146,2055.019345949762,48.61752693685577,29.137572891859158,metro
394506,747,"Coshocton, OH",msa,OH,2026-02-28,179585.0913135108,,,,metro
753874,937,"Craig, CO",msa,CO,2026-02-28,296452.3734448307,,,,metro
394507,722,"Crawfordsville, IN",msa,IN,2026-02-28,214360.42518930408,933.5,,,metro
394508,840,"Crescent City, CA",msa,CA,2026-02-28,357573.2983326094,1558.3333333333333,,,metro
753875,176,"Crestview, FL",msa,FL,2026-02-28,434416.8101402199,1915.899329720396,39.71608794248906,26.73365057610484,metro
394509,534,"Crossville, TN",msa,TN,2026-02-28,299757.8311375044,,,,metro
394511,424,"Cullman, AL",msa,AL,2026-02-28,248419.55393686917,1509.2037037037037,,,metro
753877,554,"Cullowhee, NC",msa,NC,2026-02-28,398391.660820285,1247.9166666666667,,,metro
394513,409,"Cumberland, MD",msa,MD,2026-02-28,159488.7454343202,1016.0416666666666,20.10392773595035,19.42924955070305,metro
394514,4,"Dallas, TX",msa,TX,2026-02-28,362141.8855235002,1630.3725705029492,31.014869739068168,19.901514090830062,metro
394515,305,"Dalton, GA",msa,GA,2026-02-28,245360.938777669,1476.2083333333333,26.951205540185402,25.09720298306976,metro
394516,472,"Danville, IL",msa,IL,2026-02-28,95095.29817412893,853.2857142857143,19.79359891459619,20.828442774672627,metro
394517,574,"Danville, KY",msa,KY,2026-02-28,207753.5789752601,1173.75,,,metro
394518,385,"Danville, VA",msa,VA,2026-02-28,159692.39775558028,1146.3333333333333,,,metro
394519,203,"Daphne, AL",msa,AL,2026-02-28,365566.3113704628,1690.562364240281,30.950234129760666,22.9283740099164,metro
394520,144,"Davenport, IA",msa,IL,2026-02-28,186233.76339837685,949.1088789324084,21.3392946306748,15.070938228294969,metro
845158,74,"Dayton, OH",msa,OH,2026-02-28,,1308.4011228482002,,20.44893792612511,metro
753878,797,"Dayton, TN",msa,TN,2026-02-28,252364.20685914348,,,,metro
394522,749,"DeRidder, LA",msa,LA,2026-02-28,189091.4570489724,978.0555555555557,,,metro
394523,276,"Decatur, AL",msa,AL,2026-02-28,226216.2821439232,1110.2622423328305,23.19722595543217,18.18336257042231,metro
394524,378,"Decatur, IL",msa,IL,2026-02-28,119168.64744684048,1124.351851851852,17.54641770694263,20.96167304303376,metro
394525,757,"Decatur, IN",msa,IN,2026-02-28,239174.6555608376,,,,metro
394526,716,"Defiance, OH",msa,OH,2026-02-28,177402.64626234633,,,,metro
394527,622,"Del Rio, TX",msa,TX,2026-02-28,205989.06429745172,1333.3333333333333,,,metro
394528,90,"Deltona, FL",msa,FL,2026-02-28,325300.30617412995,1787.408849163908,34.06497632015183,27.4191039886704,metro
394529,861,"Deming, NM",msa,NM,2026-02-28,162554.26888549872,,,,metro
394530,19,"Denver, CO",msa,CO,2026-02-28,566588.16307631,1843.742786799073,36.99788144207245,19.40864330579774,metro
394531,84,"Des Moines, IA",msa,IA,2026-02-28,287903.16442672914,1257.423951496532,24.70163417904122,16.76665198321745,metro
394532,14,"Detroit, MI",msa,MI,2026-02-28,258238.25638605907,1461.3825480622434,26.075090875759788,21.81225816343565,metro
394533,785,"Dickinson, ND",msa,ND,2026-02-28,310670.4308616423,1248.8333333333333,,,metro
394535,775,"Dixon, IL",msa,IL,2026-02-28,173461.43946558036,1019.4444444444443,,,metro
394536,772,"Dodge City, KS",msa,KS,2026-02-28,204165.6137240789,,,,metro
394537,293,"Dothan, AL",msa,AL,2026-02-28,190138.021320916,1190.7258547008546,23.25172695565847,22.530592609184,metro
394538,596,"Douglas, GA",msa,GA,2026-02-28,165962.40364703274,,,,metro
394539,244,"Dover, DE",msa,DE,2026-02-28,362795.09055801295,1688.934583934584,29.76618432676596,23.25996448075538,metro
394541,450,"DuBois, PA",msa,PA,2026-02-28,136992.28502986007,977.2222222222222,,,metro
394540,511,"Dublin, GA",msa,GA,2026-02-28,164831.25239799626,1027.9166666666667,,,metro
394542,396,"Dubuque, IA",msa,IA,2026-02-28,266270.781730013,1075.9962962962964,25.37706188390141,15.098847306342009,metro
394543,171,"Duluth, MN",msa,MN,2026-02-28,248927.1553177286,1684.753599828068,26.252859523375072,27.731831015624568,metro
394544,897,"Dumas, TX",msa,TX,2026-02-28,182837.2057468139,,,,metro
394545,673,"Duncan, OK",msa,OK,2026-02-28,136633.69494198562,1027.7777777777776,,,metro
394547,567,"Durango, CO",msa,CO,2026-02-28,661670.5853018678,2016.538888888889,,,metro
394548,641,"Durant, OK",msa,OK,2026-02-28,226088.60255225675,1456.9444444444443,,,metro
394549,95,"Durham, NC",msa,NC,2026-02-28,404528.4837194037,1654.33200386242,35.77434413112087,22.64536758583319,metro
394550,740,"Dyersburg, TN",msa,TN,2026-02-28,167055.79062116003,886.1111111111112,,,metro
394551,552,"Eagle Pass, TX",msa,TX,2026-02-28,225009.6065479,,31.994517140281943,,metro
394553,263,"East Stroudsburg, PA",msa,PA,2026-02-28,301483.10440301296,1850.355555555556,34.197653503005384,30.04412839402149,metro
394554,729,"Easton, MD",msa,MD,2026-02-28,481390.0113130556,2333.333333333333,,,metro
394555,258,"Eau Claire, WI",msa,WI,2026-02-28,311531.50765652646,1116.50034135518,31.608423355833047,17.1306945360835,metro
394556,566,"Edwards, CO",msa,CO,2026-02-28,1297839.0856806524,3634.175,,,metro
394557,771,"Effingham, IL",msa,IL,2026-02-28,212478.6830586732,,,,metro
394558,685,"El Campo, TX",msa,TX,2026-02-28,239999.78066377155,1556.25,,,metro
394559,245,"El Centro, CA",msa,CA,2026-02-28,370639.3315931234,1620.3333333333333,42.79808796647302,30.3174928095956,metro
394560,706,"El Dorado, AR",msa,AR,2026-02-28,125959.5994372172,,,,metro
394561,69,"El Paso, TX",msa,TX,2026-02-28,227455.07265179008,1450.9075930119072,31.32962951879153,27.540799427462797,metro
394562,582,"Elizabeth City, NC",msa,NC,2026-02-28,261793.16994312903,1492.7444444444443,,,metro
394563,281,"Elizabethtown, KY",msa,KY,2026-02-28,246485.87806096172,1244.6316526610642,25.907022965912812,20.45899921874928,metro
394564,884,"Elk City, OK",msa,OK,2026-02-28,147625.7833900026,,,,metro
394565,223,"Elkhart, IN",msa,IN,2026-02-28,255338.846208351,1083.4138528138528,26.59056593784982,17.78507499138489,metro
753879,836,"Elkins, WV",msa,WV,2026-02-28,152977.27239345515,,,,metro
394566,573,"Elko, NV",msa,NV,2026-02-28,355378.44385988003,1603.0888888888887,,,metro
394567,663,"Ellensburg, WA",msa,WA,2026-02-28,482078.1246595029,1524.515873015873,,,metro
394568,432,"Elmira, NY",msa,NY,2026-02-28,149016.93714968942,1222.1666666666667,19.00376904976703,20.66668089021504,metro
394569,767,"Emporia, KS",msa,KS,2026-02-28,181113.82811275785,766.6666666666666,,,metro
394570,523,"Enid, OK",msa,OK,2026-02-28,137597.08711247065,1118.5925925925926,17.88038977459751,18.85561013170069,metro
394571,585,"Enterprise, AL",msa,AL,2026-02-28,176019.65935816328,1422.4323062558358,,,metro
394572,184,"Erie, PA",msa,PA,2026-02-28,211479.24580631056,1045.17316017316,26.96292699303879,18.70930522895922,metro
394573,742,"Escanaba, MI",msa,MI,2026-02-28,192339.374411846,,,,metro
394574,693,"Espa-¦ola, NM",msa,NM,2026-02-28,328722.79289354244,,,,metro
394576,146,"Eugene, OR",msa,OR,2026-02-28,447731.436667138,1898.1747885529437,42.79170605195751,29.167735106164688,metro
394577,315,"Eureka, CA",msa,CA,2026-02-28,425521.7164931283,1464.3504273504277,,,metro
394578,906,"Evanston, WY",msa,WY,2026-02-28,321016.6594529603,,,,metro
394579,165,"Evansville, IN",msa,IN,2026-02-28,217452.5841142379,1049.5413734966842,24.51744183938035,17.95047909010142,metro
394580,407,"Fairbanks, AK",msa,AK,2026-02-28,296821.15641951695,1904.4594017094016,24.725542498657262,23.30722021536459,metro
753880,930,"Fairfield, IA",msa,IA,2026-02-28,178902.07428467917,812.5,,,metro
394582,556,"Fairmont, WV",msa,WV,2026-02-28,159113.17362441015,1002.7777777777778,,,metro
394584,863,"Fallon, NV",msa,NV,2026-02-28,379956.762040714,1475.6666666666667,,,metro
394585,194,"Fargo, ND",msa,ND,2026-02-28,317488.74781776057,1114.982854542577,31.38686202582906,16.34438910690521,metro
394586,498,"Faribault, MN",msa,MN,2026-02-28,340367.0947513232,1662.2222222222224,,,metro
394587,495,"Farmington, MO",msa,MO,2026-02-28,186001.5906367226,,,,metro
394588,342,"Farmington, NM",msa,NM,2026-02-28,262800.6525916026,1388.2777777777776,26.39293436807358,23.127553799218383,metro
394590,108,"Fayetteville, AR",msa,AR,2026-02-28,360612.2770771869,1585.2809181141438,31.019163664524918,21.96268390210389,metro
394589,109,"Fayetteville, NC",msa,NC,2026-02-28,253323.169321092,1476.4865743490743,30.75656157099951,27.45013001092349,metro
394591,539,"Fergus Falls, MN",msa,MN,2026-02-28,315659.6874001232,,,,metro
394592,550,"Fernley, NV",msa,NV,2026-02-28,408355.5657096528,1890.205291005291,,,metro
394593,470,"Findlay, OH",msa,OH,2026-02-28,228940.10668710797,1261.0119047619048,,,metro
394594,923,"Fitzgerald, GA",msa,GA,2026-02-28,122112.19547769884,,,,metro
394595,302,"Flagstaff, AZ",msa,AZ,2026-02-28,617201.4498348952,2250.2472222222223,53.532862079348845,33.83153423461438,metro
394596,135,"Flint, MI",msa,MI,2026-02-28,185483.47354601647,1066.9058371735791,21.8573327379193,18.93462982582967,metro
394598,292,"Florence, AL",msa,AL,2026-02-28,208167.0680143217,1165.7051282051282,22.35582171316058,19.52916745442577,metro
394597,228,"Florence, SC",msa,SC,2026-02-28,187254.1070135821,1295.1542770954536,23.82478338953529,25.909857986509273,metro
394599,381,"Fond du Lac, WI",msa,WI,2026-02-28,278691.39761394734,1073.395238095238,28.66977947147819,16.45980695391173,metro
394600,515,"Forest City, NC",msa,NC,2026-02-28,210212.2543551676,1075.0,,,metro
394601,876,"Forrest City, AR",msa,AR,2026-02-28,78558.67838995648,,,,metro
394602,152,"Fort Collins, CO",msa,CO,2026-02-28,546457.6360350531,1969.9150877379936,38.2313538184439,24.004303416297677,metro
394603,737,"Fort Dodge, IA",msa,IA,2026-02-28,,825.0,,,metro
394604,580,"Fort Leonard Wood, MO",msa,MO,2026-02-28,221495.09945541888,1100.4331550802135,,,metro
394605,548,"Fort Madison, IA",msa,IA,2026-02-28,120598.6153766338,,,,metro
394606,827,"Fort Morgan, CO",msa,CO,2026-02-28,321579.564225546,1225.0,,,metro
394608,611,"Fort Polk South, LA",msa,LA,2026-02-28,159790.2481773322,1234.4444444444446,,,metro
394609,196,"Fort Smith, AR",msa,AR,2026-02-28,199840.3913360395,1009.0327304048234,24.07844527488342,18.76829542780395,metro
394612,132,"Fort Wayne, IN",msa,IN,2026-02-28,249513.83642428656,1152.9687798771718,25.66705194738589,18.53498565829886,metro
394613,790,"Frankfort, IN",msa,IN,2026-02-28,216789.6421888433,839.5833333333333,,,metro
394614,471,"Frankfort, KY",msa,KY,2026-02-28,247208.0630090843,1137.215811965812,,,metro
394615,847,"Fredericksburg, TX",msa,TX,2026-02-28,497213.6188166234,2011.1111111111115,,,metro
394616,657,"Freeport, IL",msa,IL,2026-02-28,151526.35302964717,849.1904761904761,,,metro
394617,735,"Fremont, NE",msa,NE,2026-02-28,236535.3142193552,1094.952380952381,,,metro
394618,541,"Fremont, OH",msa,OH,2026-02-28,184166.32268584848,,,,metro
394619,57,"Fresno, CA",msa,CA,2026-02-28,404096.9726345386,1842.00051174362,38.39263696954463,27.777379664400332,metro
394620,383,"Gadsden, AL",msa,AL,2026-02-28,178995.84752042798,,21.946299288495112,,metro
394621,558,"Gaffney, SC",msa,SC,2026-02-28,180224.28770277344,991.3888888888888,,,metro
394622,155,"Gainesville, FL",msa,FL,2026-02-28,299058.263995383,1632.7286844135804,38.12162105298838,30.016531809251752,metro
394623,226,"Gainesville, GA",msa,GA,2026-02-28,384891.7899445809,1666.597617935072,31.29169064419933,21.5056102765675,metro
394624,687,"Gainesville, TX",msa,TX,2026-02-28,312319.32141270424,1383.3333333333333,,,metro
394625,600,"Galesburg, IL",msa,IL,2026-02-28,112788.84185989918,,,,metro
394626,480,"Gallup, NM",msa,NM,2026-02-28,218667.3878640105,,,,metro
394627,679,"Garden City, KS",msa,KS,2026-02-28,226935.9195924585,817.0,,,metro
394628,610,"Gardnerville Ranchos, NV",msa,NV,2026-02-28,678787.923121308,2441.3888888888887,,,metro
394629,520,"Georgetown, SC",msa,SC,2026-02-28,377561.4072762951,1992.2666666666669,,,metro
394630,382,"Gettysburg, PA",msa,PA,2026-02-28,324659.73325184034,1213.101851851852,28.51702908831672,15.81956624227364,metro
394631,531,"Gillette, WY",msa,WY,2026-02-28,322258.80440977425,1189.3333333333333,,,metro
394632,575,"Glasgow, KY",msa,KY,2026-02-28,204587.48348546328,,,,metro
394633,331,"Glens Falls, NY",msa,NY,2026-02-28,296278.477724448,1429.5833333333333,35.90354310740034,23.20521770212749,metro
753881,456,"Glenwood Springs, CO",msa,CO,2026-02-28,958122.772203776,2875.2475427350423,,,metro
394634,579,"Gloversville, NY",msa,NY,2026-02-28,205541.49107369612,1102.777777777778,,,metro
394635,350,"Goldsboro, NC",msa,NC,2026-02-28,181277.7261931234,1389.2728758169935,22.5695341888399,26.41673437012616,metro
845162,535,"Granbury, TX",msa,TX,2026-02-28,,1666.0680555555557,,,metro
394637,377,"Grand Forks, ND",msa,MN,2026-02-28,264107.92850793374,1173.390727552018,26.9086830754633,19.16689532885689,metro
394638,462,"Grand Island, NE",msa,NE,2026-02-28,250381.2903596628,1252.0878010878012,29.377999719715447,20.83179925731617,metro
394639,280,"Grand Junction, CO",msa,CO,2026-02-28,421990.2330638852,1724.6264262053735,38.69634286655911,25.833747763016788,metro
394640,53,"Grand Rapids, MI",msa,MI,2026-02-28,344542.5355669864,1643.6446324623575,30.422196588459872,23.08286927599749,metro
394641,422,"Grants Pass, OR",msa,OR,2026-02-28,382103.2935652998,1587.388888888889,44.2000452190842,30.467080948328018,metro
394642,845,"Grants, NM",msa,NM,2026-02-28,145026.86456586406,,,,metro
394643,857,"Great Bend, KS",msa,KS,2026-02-28,119125.96081239212,808.3333333333334,,,metro
394644,433,"Great Falls, MT",msa,MT,2026-02-28,330588.17090507835,1329.2549603174602,38.25203503053691,24.67526812449058,metro
394645,161,"Greeley, CO",msa,CO,2026-02-28,493833.9944068794,1714.1232804232804,33.66594106890538,19.08156513713519,metro
394646,157,"Green Bay, WI",msa,WI,2026-02-28,329297.76090183895,1095.678846153846,30.719147442719542,15.533152472065058,metro
394647,486,"Greeneville, TN",msa,TN,2026-02-28,242658.65651088988,960.5555555555557,,,metro
394648,76,"Greensboro, NC",msa,NC,2026-02-28,259354.87081829787,1408.6705016414387,28.5322460867046,24.20390527429418,metro
394649,850,"Greensburg, IN",msa,IN,2026-02-28,248470.3099667863,,,,metro
394650,648,"Greenville, MS",msa,MS,2026-02-28,51176.66590229847,,,,metro
394651,259,"Greenville, NC",msa,NC,2026-02-28,240665.8691506008,1364.5441734417343,31.893001570495077,27.50279778014158,metro
394652,593,"Greenville, OH",msa,OH,2026-02-28,205880.8714887641,675.0,,,metro
394653,61,"Greenville, SC",msa,SC,2026-02-28,306371.1285753502,1550.9259568238876,27.59365441898613,23.02737911337053,metro
394654,713,"Greenwood, MS",msa,MS,2026-02-28,103518.85063831556,,,,metro
394655,488,"Greenwood, SC",msa,SC,2026-02-28,168926.44158776375,1051.25,,,metro
394656,894,"Grenada, MS",msa,MS,2026-02-28,130737.37669881438,,,,metro
394658,133,"Gulfport, MS",msa,MS,2026-02-28,217878.7972291576,1422.196662631154,26.6724347181171,24.45518730020869,metro
394659,898,"Guymon, OK",msa,OK,2026-02-28,161789.4726378247,,,,metro
394660,170,"Hagerstown, MD",msa,MD,2026-02-28,315593.2085501137,1585.9748857414363,26.84273352067581,22.1245445943802,metro
753884,866,"Hailey, ID",msa,ID,2026-02-28,1015883.5304855076,2529.5,,,metro
394661,325,"Hammond, LA",msa,LA,2026-02-28,218322.52649430747,1307.0744796774543,27.85175253417641,26.41874201084693,metro
394662,290,"Hanford, CA",msa,CA,2026-02-28,357517.5214872472,1768.235294117647,33.05690539601831,26.771119565871658,metro
394663,709,"Hannibal, MO",msa,MO,2026-02-28,204451.22325994857,,,,metro
394666,99,"Harrisburg, PA",msa,PA,2026-02-28,300845.81758629374,1414.7639659015804,27.932741348142393,19.83435153172265,metro
394667,658,"Harrison, AR",msa,AR,2026-02-28,222593.10219093272,,,,metro
394668,317,"Harrisonburg, VA",msa,VA,2026-02-28,340250.82753666386,1698.5925925925924,31.094435561619484,25.31061632650623,metro
394669,49,"Hartford, CT",msa,CT,2026-02-28,378951.90397591895,1885.548553557386,32.86985503083047,22.789651817507238,metro
394670,807,"Hastings, NE",msa,NE,2026-02-28,208252.58547037383,,,,metro
394671,255,"Hattiesburg, MS",msa,MS,2026-02-28,211983.69861515248,1284.891547049442,25.70149104610207,23.30793227138548,metro
394673,826,"Hays, KS",msa,KS,2026-02-28,236891.9678765448,892.5,,,metro
394674,467,"Heber, UT",msa,UT,2026-02-28,1130771.2000267557,2713.732716049383,,,metro
394676,927,"Helena, AR",msa,AR,2026-02-28,51568.25789708699,,,,metro
394675,441,"Helena, MT",msa,MT,2026-02-28,460905.6470750978,1527.2575757575758,33.362136209056494,17.93553175483586,metro
394677,676,"Henderson, NC",msa,NC,2026-02-28,180547.35789430092,1086.25,,,metro
394678,918,"Hereford, TX",msa,TX,2026-02-28,171653.30807047235,,,,metro
753887,417,"Hermiston, OR",msa,OR,2026-02-28,304390.78608264675,1463.174836601307,,,metro
394679,150,"Hickory, NC",msa,NC,2026-02-28,261610.04220186477,1394.3020853858786,28.17983603841151,24.688614086357973,metro
753889,645,"Hillsdale, MI",msa,MI,2026-02-28,198838.46280468896,,,,metro
394680,229,"Hilo, HI",msa,HI,2026-02-28,561308.6985790128,2489.6802413273003,,,metro
394681,216,"Hilton Head Island, SC",msa,SC,2026-02-28,513350.0170626466,2023.4509280447496,37.75413119572492,25.81638642239771,metro
394682,449,"Hinesville, GA",msa,GA,2026-02-28,255503.3830862906,1714.4321693121692,28.674716537825468,28.724356245759047,metro
394683,481,"Hobbs, NM",msa,NM,2026-02-28,194604.21603170384,1329.361111111111,,,metro
753890,347,"Holland, MI",msa,MI,2026-02-28,334768.2610200772,1504.5,,,metro
394685,289,"Homosassa Springs, FL",msa,FL,2026-02-28,269106.1310964706,1692.084595959596,34.10666627155331,32.04191578362917,metro
394687,875,"Hood River, OR",msa,OR,2026-02-28,669390.6123280103,1894.4444444444443,,,metro
394689,392,"Hot Springs, AR",msa,AR,2026-02-28,239041.23937948747,1260.9848484848485,27.86776533890798,23.18087677509253,metro
394690,702,"Houghton, MI",msa,MI,2026-02-28,182763.5239444984,,,,metro
394691,221,"Houma, LA",msa,LA,2026-02-28,175246.07907715943,1317.272385620915,22.73336904290181,24.28856738323984,metro
394692,5,"Houston, TX",msa,TX,2026-02-28,304621.75830741785,1619.5244699196417,30.16586168643452,22.66207230854336,metro
394693,528,"Hudson, NY",msa,NY,2026-02-28,456344.9118683098,2178.190476190476,,,metro
394695,662,"Huntingdon, PA",msa,PA,2026-02-28,188845.0649415356,,,,metro
394696,748,"Huntington, IN",msa,IN,2026-02-28,202697.61572920173,,,,metro
394697,151,"Huntington, WV",msa,OH,2026-02-28,158191.2245149217,1020.8333333333334,18.982710772001727,18.671338914943792,metro
394698,114,"Huntsville, AL",msa,AL,2026-02-28,310446.0956428747,1382.1909239866752,24.81693262089435,18.12103058762858,metro
394699,465,"Huntsville, TX",msa,TX,2026-02-28,269013.0902188092,1261.7636363636364,,,metro
394700,901,"Huron, SD",msa,SD,2026-02-28,185175.9440263596,,,,metro
394701,527,"Hutchinson, KS",msa,KS,2026-02-28,147790.58229930303,831.5238095238095,,,metro
394702,746,"Hutchinson, MN",msa,MN,2026-02-28,285975.5971883906,1250.0,,,metro
394703,279,"Idaho Falls, ID",msa,ID,2026-02-28,403550.6138470692,1406.755321637427,30.93821781776776,18.25979140280119,metro
394704,436,"Indiana, PA",msa,PA,2026-02-28,154776.11241695017,860.5555555555555,,,metro
394705,34,"Indianapolis, IN",msa,IN,2026-02-28,286468.19552885526,1486.129989785832,26.79626390382049,21.29797739135488,metro
394706,851,"Indianola, MS",msa,MS,2026-02-28,96479.59928028892,,,,metro
394707,252,"Iowa City, IA",msa,IA,2026-02-28,290939.0801942875,1323.1036046079523,31.17169135338625,19.91071105146296,metro
394708,818,"Iron Mountain, MI",msa,MI,2026-02-28,176028.6456141181,,,,metro
394709,376,"Ithaca, NY",msa,NY,2026-02-28,339961.7322293483,1969.093703703704,41.20437554256617,31.286159540716703,metro
394710,272,"Jackson, MI",msa,MI,2026-02-28,216204.6964807917,1157.4666666666665,25.177993339796238,19.9351726801953,metro
394711,98,"Jackson, MS",msa,MS,2026-02-28,208017.47637636185,1478.904789976734,22.72442187178122,25.61304326149737,metro
753892,798,"Jackson, OH",msa,OH,2026-02-28,140330.1518520111,,,,metro
394712,246,"Jackson, TN",msa,TN,2026-02-28,199889.7264626109,1362.5565656565657,23.72818601641703,24.67090286854996,metro
394713,768,"Jackson, WY",msa,WY,2026-02-28,1379568.7393729184,3622.777777777778,,,metro
394714,40,"Jacksonville, FL",msa,FL,2026-02-28,346956.68619233364,1666.341413941581,28.60542548650189,23.1395221523152,metro
394715,719,"Jacksonville, IL",msa,IL,2026-02-28,123830.99070292983,887.5,,,metro
394716,227,"Jacksonville, NC",msa,NC,2026-02-28,285175.76326935017,1479.0347319347318,27.562941301280652,22.65946288849833,metro
394717,599,"Jacksonville, TX",msa,TX,2026-02-28,225692.2393836179,1670.0,,,metro
394718,892,"Jamestown, ND",msa,ND,2026-02-28,226765.1959146962,1000.6555555555556,,,metro
394719,328,"Jamestown, NY",msa,NY,2026-02-28,165671.72941457448,930.8333333333334,,,metro
394720,268,"Janesville, WI",msa,WI,2026-02-28,280593.31028494984,1233.1734931734934,30.9378467109673,20.15254684036023,metro
845163,508,"Jasper, AL",msa,AL,2026-02-28,,1116.6666666666667,,,metro
394721,565,"Jasper, IN",msa,IN,2026-02-28,236264.5479701112,,,,metro
394723,291,"Jefferson City, MO",msa,MO,2026-02-28,263781.9478028859,1013.939393939394,25.63997586545994,15.867366421814669,metro
753893,477,"Jefferson, GA",msa,GA,2026-02-28,400873.4797557571,2097.383442265795,,,metro
394725,819,"Jesup, GA",msa,GA,2026-02-28,204826.7360729555,,,,metro
394726,224,"Johnson City, TN",msa,TN,2026-02-28,270622.65857272246,1325.925925925926,33.26549256966297,26.48635417009243,metro
394727,322,"Johnstown, PA",msa,PA,2026-02-28,116365.0464076472,810.9523809523811,15.117963896853889,14.769749077885761,metro
394728,323,"Jonesboro, AR",msa,AR,2026-02-28,199789.00705186863,1335.1938271604938,27.200445802858,27.86051482759502,metro
394729,243,"Joplin, MO",msa,MO,2026-02-28,220399.6021230646,1232.5978835978838,25.750334720457417,22.09977052887078,metro
394730,802,"Juneau, AK",msa,AK,2026-02-28,461057.5585306294,,,,metro
394731,267,"Kahului, HI",msa,HI,2026-02-28,990104.457785446,3511.429012345679,61.811698630979464,39.50597378084686,metro
394732,190,"Kalamazoo, MI",msa,MI,2026-02-28,265578.52972176933,1341.44322192471,29.21502962874742,21.52582868963989,metro
394733,384,"Kalispell, MT",msa,MT,2026-02-28,625128.8494021624,2172.147435897436,,,metro
394734,370,"Kankakee, IL",msa,IL,2026-02-28,215628.4292647992,1397.4120370370372,24.411791858666128,20.48663542752437,metro
394735,31,"Kansas City, MO",msa,MO,2026-02-28,316796.4242905925,1480.6952410608956,28.303211981174847,20.08051501994676,metro
394736,478,"Kapaa, HI",msa,HI,2026-02-28,1005429.5771759416,3588.8888888888887,,,metro
394737,555,"Kearney, NE",msa,NE,2026-02-28,293273.33086205553,1565.5611111111111,,,metro
394738,466,"Keene, NH",msa,NH,2026-02-28,373636.4806419865,1912.4285714285716,,,metro
394739,627,"Kendallville, IN",msa,IN,2026-02-28,239952.6083338245,,,,metro
394740,830,"Kennett, MO",msa,MO,2026-02-28,88237.7325523324,,,,metro
394741,168,"Kennewick, WA",msa,WA,2026-02-28,433788.42707752605,1680.766350538972,34.524198208415754,21.31163576954328,metro
394742,589,"Kerrville, TX",msa,TX,2026-02-28,360965.4158332765,1797.9166666666667,,,metro
394743,936,"Ketchikan, AK",msa,AK,2026-02-28,383950.93536622985,,,,metro
394744,442,"Key West, FL",msa,FL,2026-02-28,936910.2384203882,3530.40202020202,,,metro
394745,744,"Kill Devil Hills, NC",msa,NC,2026-02-28,588685.442717908,2432.083333333333,,,metro
394746,120,"Killeen, TX",msa,TX,2026-02-28,249858.3617281757,1317.9477892146826,30.06526889072152,21.96530420190222,metro
394747,167,"Kingsport, TN",msa,TN,2026-02-28,237690.1129693034,1365.1644880174292,26.910935974698553,24.62681587226431,metro
394748,241,"Kingston, NY",msa,NY,2026-02-28,423600.88631505496,2208.820879120879,36.46167490835106,28.61380478138208,metro
394749,809,"Kingsville, TX",msa,TX,2026-02-28,149041.31583196882,1421.0833333333333,,,metro
394750,568,"Kinston, NC",msa,NC,2026-02-28,149312.04876220188,943.3333333333334,,,metro
394751,821,"Kirksville, MO",msa,MO,2026-02-28,181930.22826999752,967.4747474747476,,,metro
394752,490,"Klamath Falls, OR",msa,OR,2026-02-28,304941.60549524514,1229.7935606060607,,,metro
394753,65,"Knoxville, TN",msa,TN,2026-02-28,355438.2278281038,1716.1453936287407,32.1260219457625,26.33037622061342,metro
394755,438,"Kokomo, IN",msa,IN,2026-02-28,185309.73150975385,1009.3888888888888,21.47113798138342,17.590448530957488,metro
394756,311,"La Crosse, WI",msa,WI,2026-02-28,319284.988238211,1185.3809523809523,30.7976366448318,17.88495628212308,metro
394758,852,"La Grande, OR",msa,OR,2026-02-28,321256.18797984096,1227.0833333333333,,,metro
394762,379,"LaGrange, GA",msa,GA,2026-02-28,196758.44704313064,1246.6464912280703,,,metro
394759,519,"Laconia, NH",msa,NH,2026-02-28,491684.0434020725,1789.375,,,metro
753895,208,"Lafayette, IN",msa,IN,2026-02-28,275750.6530306707,1388.6933925510364,28.9181931497778,23.2032434287473,metro
394761,116,"Lafayette, LA",msa,LA,2026-02-28,195022.532540962,1329.8762159409218,26.21242990673555,25.170881412103252,metro
394763,213,"Lake Charles, LA",msa,LA,2026-02-28,197009.03727080507,1154.7032245866346,25.63021450776832,20.26597778793196,metro
394764,489,"Lake City, FL",msa,FL,2026-02-28,263662.5504581665,1520.142857142857,,,metro
394765,218,"Lake Havasu City, AZ",msa,AZ,2026-02-28,345561.9149276051,1480.6509461216235,37.59697191416261,27.454306203150242,metro
394766,82,"Lakeland, FL",msa,FL,2026-02-28,297172.29311961314,1825.2436199219464,38.78495678169518,31.20355310753965,metro
394767,939,"Lamesa, TX",msa,TX,2026-02-28,108843.2346681429,,,,metro
394768,104,"Lancaster, PA",msa,PA,2026-02-28,373773.6033122752,1514.8362298098548,32.23533367469973,20.101887924112578,metro
394770,107,"Lansing, MI",msa,MI,2026-02-28,237516.2283106011,1326.6400876734874,25.198011551661146,20.93362819891462,metro
394771,733,"Laramie, WY",msa,WY,2026-02-28,361486.5476936647,1141.5419580419582,,,metro
394772,187,"Laredo, TX",msa,TX,2026-02-28,213341.19104491337,1326.6602564102566,25.73412551089968,25.04630237984892,metro
394773,214,"Las Cruces, NM",msa,NM,2026-02-28,283612.9184711958,1344.9658297258295,31.912010998971862,24.53334600591879,metro
394774,804,"Las Vegas, NM",msa,NM,2026-02-28,244115.1812322282,,,,metro
394775,30,"Las Vegas, NV",msa,NV,2026-02-28,427632.7075865711,1719.7542213393026,35.94833262790442,24.49710935250029,metro
394776,434,"Laurel, MS",msa,MS,2026-02-28,149643.89075969672,,,,metro
394777,776,"Laurinburg, NC",msa,NC,2026-02-28,139132.51975646947,,,,metro
394778,349,"Lawrence, KS",msa,KS,2026-02-28,325148.6540587692,1447.8963350405,35.67219935347649,22.44740958384554,metro
394779,665,"Lawrenceburg, TN",msa,TN,2026-02-28,241099.7387041636,1222.5,,,metro
394780,332,"Lawton, OK",msa,OK,2026-02-28,151593.57596847115,1114.4325675675675,20.669682143998312,20.15145000340923,metro
394781,755,"Lebanon, MO",msa,MO,2026-02-28,230132.9576827963,,,,metro
845164,211,"Lebanon, NH",msa,NH,2026-02-28,,2069.242690058479,,,metro
394783,306,"Lebanon, PA",msa,PA,2026-02-28,305025.5592221039,1372.2503205128205,33.17100705455976,22.0195270721758,metro
394784,893,"Levelland, TX",msa,TX,2026-02-28,162999.40892676025,,,,metro
394785,671,"Lewisburg, PA",msa,PA,2026-02-28,278805.0270032776,1323.3333333333333,,,metro
394786,783,"Lewisburg, TN",msa,TN,2026-02-28,321069.80360907526,,,,metro
394787,518,"Lewiston, ID",msa,ID,2026-02-28,362305.75469336566,1477.9166666666667,32.93083919673181,21.31520416636124,metro
394788,367,"Lewiston, ME",msa,ME,2026-02-28,316083.1076623287,1507.579365079365,33.94490671261405,24.90707965797954,metro
394789,636,"Lewistown, PA",msa,PA,2026-02-28,186431.55975584727,,,,metro
394792,110,"Lexington, KY",msa,KY,2026-02-28,317619.5118816557,1477.2844082036074,32.740271700072185,23.63239183925785,metro
394791,856,"Lexington, NE",msa,NE,2026-02-28,207095.5272892284,1270.6666666666667,,,metro
394793,885,"Liberal, KS",msa,KS,2026-02-28,142952.85169524688,,,,metro
394794,387,"Lima, OH",msa,OH,2026-02-28,181923.33587983964,1173.5925925925926,19.75377817041408,19.6111519068923,metro
394795,834,"Lincoln, IL",msa,IL,2026-02-28,135005.04668660197,,,,metro
394796,154,"Lincoln, NE",msa,NE,2026-02-28,293542.9340638585,1292.4211111944123,30.70331610389828,19.46180100298714,metro
394798,81,"Little Rock, AR",msa,AR,2026-02-28,226375.09936727645,1205.5791136967607,24.93273225650584,19.81414444894084,metro
394799,727,"Lock Haven, PA",msa,PA,2026-02-28,189932.5196753088,905.1111111111112,,,metro
394800,301,"Logan, UT",msa,UT,2026-02-28,461051.4782919495,1321.0965423465425,38.25057640353156,18.636469351830883,metro
394801,723,"Logansport, IN",msa,IN,2026-02-28,163939.75458327812,,,,metro
394802,294,"London, KY",msa,KY,2026-02-28,154738.86921990837,1133.3333333333333,,,metro
394803,173,"Longview, TX",msa,TX,2026-02-28,211283.35171744396,1161.010954135954,25.503985245900612,20.3308493067008,metro
394804,368,"Longview, WA",msa,WA,2026-02-28,413413.9492713527,1423.121212121212,37.61746960914289,20.6213464871808,metro
394805,916,"Los Alamos, NM",msa,NM,2026-02-28,573267.0199797741,,,,metro
753899,2,"Los Angeles, CA",msa,CA,2026-02-28,954296.0881354932,2884.124774777187,67.4642945952077,33.91167606897257,metro
394807,46,"Louisville, KY",msa,KY,2026-02-28,273855.4386517474,1360.5908216909836,27.143899553964268,20.91325539717495,metro
394808,162,"Lubbock, TX",msa,TX,2026-02-28,207931.6883788743,1390.4778867102395,27.0994560355673,24.44664030126618,metro
753901,822,"Ludington, MI",msa,MI,2026-02-28,253281.52622309775,,,,metro
394809,425,"Lufkin, TX",msa,TX,2026-02-28,194274.80804249927,1358.3333333333333,,,metro
394810,348,"Lumberton, NC",msa,NC,2026-02-28,128022.67410807968,1045.8333333333333,,,metro
394811,191,"Lynchburg, VA",msa,VA,2026-02-28,279954.0697977713,1335.0601506679093,31.34685720410423,23.23008346584156,metro
394812,838,"Macomb, IL",msa,IL,2026-02-28,96502.85767819402,,,,metro
394813,200,"Macon, GA",msa,GA,2026-02-28,191133.84070542912,1214.0320816864296,26.76065535557765,24.53392499229822,metro
394814,275,"Madera, CA",msa,CA,2026-02-28,418596.6858028828,2195.142857142857,43.933646271560015,36.7731275485853,metro
394815,791,"Madison, IN",msa,IN,2026-02-28,231393.4110143833,,,,metro
394816,88,"Madison, WI",msa,WI,2026-02-28,433739.4929351421,1658.6920443859185,37.08267397856046,20.957229284345182,metro
394817,650,"Madisonville, KY",msa,KY,2026-02-28,149678.62727782925,,,,metro
394818,883,"Magnolia, AR",msa,AR,2026-02-28,130026.7381402594,,,,metro
394819,621,"Malone, NY",msa,NY,2026-02-28,165418.1819408544,,,,metro
753902,789,"Malvern, AR",msa,AR,2026-02-28,157059.43740380058,,,,metro
394820,131,"Manchester, NH",msa,NH,2026-02-28,506251.6634967272,2084.8295606975184,36.53284447975587,22.418835492364998,metro
394821,320,"Manhattan, KS",msa,KS,2026-02-28,261822.76660946745,1114.3679800788234,30.570529164712788,17.82276814655897,metro
394822,448,"Manitowoc, WI",msa,WI,2026-02-28,252019.54034108692,902.8333333333334,,,metro
394823,386,"Mankato, MN",msa,MN,2026-02-28,297918.32376484195,1296.3055555555557,31.206086798496557,19.901814333324218,metro
394824,337,"Mansfield, OH",msa,OH,2026-02-28,187503.0301013627,886.968253968254,21.24735146057088,14.8889377301168,metro
753903,538,"Marietta, OH",msa,OH,2026-02-28,177536.29625141388,,,,metro
394825,507,"Marinette, WI",msa,WI,2026-02-28,196484.5252341146,998.3333333333334,,,metro
394826,497,"Marion, IN",msa,IN,2026-02-28,147387.78442385068,855.031746031746,,,metro
753904,661,"Marion, NC",msa,NC,2026-02-28,251014.7432305423,1444.1666666666667,,,metro
394827,504,"Marion, OH",msa,OH,2026-02-28,171827.57728909454,1242.25,,,metro
394829,500,"Marquette, MI",msa,MI,2026-02-28,236090.1827579464,1498.2083333333333,,,metro
394830,860,"Marshall, MN",msa,MN,2026-02-28,213113.57289597997,,,,metro
394831,879,"Marshall, MO",msa,MO,2026-02-28,178777.76580605292,,,,metro
394833,696,"Marshalltown, IA",msa,IA,2026-02-28,183559.7480038796,918.888888888889,,,metro
394835,794,"Martin, TN",msa,TN,2026-02-28,182205.92542063585,1083.3333333333337,,,metro
394836,516,"Martinsville, VA",msa,VA,2026-02-28,132826.72379435683,875.5833333333334,,,metro
394837,895,"Maryville, MO",msa,MO,2026-02-28,216551.1137873924,769.1452991452992,,,metro
394838,598,"Mason City, IA",msa,IA,2026-02-28,191054.92051654856,877.5,,,metro
394840,743,"Mayfield, KY",msa,KY,2026-02-28,165294.70467894428,,,,metro
394841,925,"Maysville, KY",msa,KY,2026-02-28,166194.67676160944,,,,metro
394842,666,"McAlester, OK",msa,OK,2026-02-28,142224.84603819836,1063.75,,,metro
394843,67,"McAllen, TX",msa,TX,2026-02-28,189534.25240178124,1103.9039658598483,29.279991706115073,21.91887262116651,metro
394844,694,"McComb, MS",msa,MS,2026-02-28,102757.63212096044,837.0,,,metro
394845,690,"McMinnville, TN",msa,TN,2026-02-28,251730.23451974863,,,,metro
394846,820,"McPherson, KS",msa,KS,2026-02-28,218419.10114566665,,,,metro
394847,431,"Meadville, PA",msa,PA,2026-02-28,166575.06823379183,755.625,,,metro
394848,210,"Medford, OR",msa,OR,2026-02-28,428996.8138692272,1740.1325602079912,40.28379401361816,26.48296020919329,metro
394849,44,"Memphis, TN",msa,TN,2026-02-28,240976.57897444503,1421.1352726061184,28.4257781957941,23.75036446464509,metro
394850,651,"Menomonie, WI",msa,WI,2026-02-28,300764.828291928,1260.388888888889,,,metro
394851,177,"Merced, CA",msa,CA,2026-02-28,412987.2925727268,1875.6544715447155,44.070561292601965,32.60004943057531,metro
394852,397,"Meridian, MS",msa,MS,2026-02-28,120132.54752072564,1070.0,,,metro
394854,862,"Mexico, MO",msa,MO,2026-02-28,182581.11701504164,,,,metro
394856,8,"Miami, FL",msa,FL,2026-02-28,469603.41199952574,2654.1438680133983,46.48639641383817,37.25207728561298,metro
394855,817,"Miami, OK",msa,OK,2026-02-28,135576.59974378764,,,,metro
394857,365,"Michigan City, IN",msa,IN,2026-02-28,246910.6982561386,1193.6111111111113,26.774088540734482,20.53886299772656,metro
394858,870,"Middlesborough, KY",msa,KY,2026-02-28,98772.45829369842,,,,metro
394859,437,"Midland, MI",msa,MI,2026-02-28,233819.49800865536,1468.35,23.251746827685448,21.497511319615022,metro
394860,254,"Midland, TX",msa,TX,2026-02-28,324093.94286488235,1584.5933534665717,29.348969391920832,20.48324232869792,metro
394861,588,"Milledgeville, GA",msa,GA,2026-02-28,226483.9362260385,1211.3333333333333,,,metro
394862,41,"Milwaukee, WI",msa,WI,2026-02-28,369611.3771323921,1483.9651573746405,34.64650010604034,21.760988844398792,metro
394864,833,"Mineral Wells, TX",msa,TX,2026-02-28,275202.609608068,,,,metro
394865,16,"Minneapolis, MN",msa,MN,2026-02-28,380651.9002811044,1664.4418048535483,29.93740220430134,19.38264929227203,metro
394866,458,"Minot, ND",msa,ND,2026-02-28,260406.4744531575,986.0897435897436,29.515938281865452,16.17777029833305,metro
394867,354,"Missoula, MT",msa,MT,2026-02-28,559507.2143684897,1498.3815298233235,52.31567499114051,22.47528386469464,metro
394868,878,"Mitchell, SD",msa,SD,2026-02-28,250976.5845677155,938.0,,,metro
394869,869,"Moberly, MO",msa,MO,2026-02-28,173948.08520422995,,,,metro
394870,127,"Mobile, AL",msa,AL,2026-02-28,190549.73064346143,1269.1282651072124,24.03542393845828,23.68540201701215,metro
394871,103,"Modesto, CA",msa,CA,2026-02-28,461628.6587358197,2061.4784714283346,41.814609584329574,30.208935306794533,metro
394872,222,"Monroe, LA",msa,LA,2026-02-28,158792.15198164177,1099.5619658119658,21.27421612309157,21.80837653161467,metro
394873,283,"Monroe, MI",msa,MI,2026-02-28,258379.40400200945,1205.8416666666665,25.573932996779007,18.21214514149733,metro
394875,143,"Montgomery, AL",msa,AL,2026-02-28,207220.59018787256,1382.351682584787,22.05401964800036,23.35036598168448,metro
394876,628,"Montrose, CO",msa,CO,2026-02-28,484851.8552730598,1863.3333333333333,,,metro
394877,491,"Morehead City, NC",msa,NC,2026-02-28,463525.1620968322,1870.846681096681,,,metro
394878,605,"Morgan City, LA",msa,LA,2026-02-28,115519.01864303462,,,,metro
394879,310,"Morgantown, WV",msa,WV,2026-02-28,214734.60448744052,1327.8323518586678,22.24643920648311,22.17934703900347,metro
394880,307,"Morristown, TN",msa,TN,2026-02-28,290674.7859801581,1501.7222222222224,32.2273093685283,27.27795022820998,metro
394881,703,"Moscow, ID",msa,ID,2026-02-28,465272.45215940586,1203.298611111111,,,metro
394882,403,"Moses Lake, WA",msa,WA,2026-02-28,355607.3689498196,1558.4555555555555,,,metro
394883,642,"Moultrie, GA",msa,GA,2026-02-28,162533.1991287292,,,,metro
394884,484,"Mount Airy, NC",msa,NC,2026-02-28,223057.37315209908,,,,metro
394885,502,"Mount Pleasant, MI",msa,MI,2026-02-28,218772.84915791688,1148.75,,,metro
394886,667,"Mount Pleasant, TX",msa,TX,2026-02-28,216637.81874522232,1506.0,,,metro
394887,630,"Mount Sterling, KY",msa,KY,2026-02-28,188778.56602552216,1265.0,,,metro
394888,731,"Mount Vernon, IL",msa,IL,2026-02-28,139941.595733616,,,,metro
394889,524,"Mount Vernon, OH",msa,OH,2026-02-28,274331.9123115391,1272.2222222222224,,,metro
394890,327,"Mount Vernon, WA",msa,WA,2026-02-28,574105.4920613692,2181.955165692008,43.78973051289311,26.99689379879598,metro
394891,686,"Mountain Home, AR",msa,AR,2026-02-28,230530.78626768303,1116.6666666666667,,,metro
394892,832,"Mountain Home, ID",msa,ID,2026-02-28,350685.57767048624,1719.4047619047622,,,metro
394893,364,"Muncie, IN",msa,IN,2026-02-28,162654.14756833203,983.0564373897708,23.29385823803825,21.079168969459598,metro
394894,734,"Murray, KY",msa,KY,2026-02-28,176402.3475010773,1141.0333333333333,,,metro
394895,670,"Muscatine, IA",msa,IA,2026-02-28,190198.9592020749,875.0,,,metro
394896,250,"Muskegon, MI",msa,MI,2026-02-28,240903.06785427887,1165.7407407407409,29.63104233337831,21.969369686298652,metro
394897,496,"Muskogee, OK",msa,OK,2026-02-28,153400.6667032803,1224.7222222222222,,,metro
394898,117,"Myrtle Beach, SC",msa,SC,2026-02-28,334411.2213733595,1681.6573196393622,33.33328609697218,27.90443006842048,metro
394899,512,"Nacogdoches, TX",msa,TX,2026-02-28,212158.0176409224,1005.5674603174602,,,metro
394900,312,"Napa, CA",msa,CA,2026-02-28,886032.313212111,2745.9523115280595,53.56616506757115,24.95735340141611,metro
394901,147,"Naples, FL",msa,FL,2026-02-28,555060.1330576353,2692.031612287932,43.20162126471901,31.668962602185218,metro
394902,37,"Nashville, TN",msa,TN,2026-02-28,447450.16364681086,1776.7647901327612,34.63106160582135,22.8160902758042,metro
394903,613,"Natchez, MS",msa,LA,2026-02-28,120321.41688711756,,,,metro
394904,725,"Natchitoches, LA",msa,LA,2026-02-28,169456.50710903155,,,,metro
394905,341,"New Bern, NC",msa,NC,2026-02-28,255063.5855530557,1547.1523252575882,27.982566158829396,27.244087626073572,metro
394906,614,"New Castle, IN",msa,IN,2026-02-28,183740.10878091413,875.0,,,metro
394907,427,"New Castle, PA",msa,PA,2026-02-28,152510.96917784432,1138.957671957672,,,metro
394908,68,"New Haven, CT",msa,CT,2026-02-28,388128.01335376565,2019.7219274977892,35.08956735957891,25.548580259194857,metro
394910,47,"New Orleans, LA",msa,LA,2026-02-28,254905.58770192077,1577.002664621453,37.409135369818244,28.78879895768982,metro
394911,414,"New Philadelphia, OH",msa,OH,2026-02-28,205605.08593521352,,,,metro
394912,855,"New Ulm, MN",msa,MN,2026-02-28,234822.4097495519,,,,metro
394913,1,"New York, NY",msa,NY,2026-02-28,706888.193138504,3258.384199753898,55.228977043870884,37.13448945582892,metro
394914,726,"Newberry, SC",msa,SC,2026-02-28,205271.1686617454,,,,metro
753905,604,"Newport, OR",msa,OR,2026-02-28,463642.6707349648,1951.5,,,metro
394915,756,"Newport, TN",msa,TN,2026-02-28,237796.3455284613,,,,metro
394917,282,"Niles, MI",msa,MI,2026-02-28,264364.09930454136,1257.0548433048432,28.76701357812601,20.67393992286357,metro
394918,625,"Nogales, AZ",msa,AZ,2026-02-28,275926.13124190725,,,,metro
394919,616,"Norfolk, NE",msa,NE,2026-02-28,245613.4330276205,1254.6130952380952,,,metro
394920,752,"North Platte, NE",msa,NE,2026-02-28,214755.61769712865,918.75,,,metro
753906,73,"North Port, FL",msa,FL,2026-02-28,401391.8951840189,2094.394664731633,40.2157063833071,29.09091362622262,metro
394921,841,"North Vernon, IN",msa,IN,2026-02-28,219413.50224432972,950.0,,,metro
394922,501,"North Wilkesboro, NC",msa,NC,2026-02-28,217519.6522619425,,,,metro
394923,544,"Norwalk, OH",msa,OH,2026-02-28,185558.20556213503,1453.1666666666667,,,metro
394924,185,"Norwich, CT",msa,CT,2026-02-28,400866.2479091386,1878.8383996576808,34.72398263258411,23.85574185682092,metro
394925,428,"Oak Harbor, WA",msa,WA,2026-02-28,625201.1865598572,2097.4919786096257,,,metro
394927,149,"Ocala, FL",msa,FL,2026-02-28,272348.81091474666,1602.6330749354004,29.815778538893117,28.06492481593219,metro
394928,410,"Ocean City, NJ",msa,NJ,2026-02-28,767035.5943186017,2202.222222222222,60.21797755854769,28.68609598305761,metro
394930,271,"Odessa, TX",msa,TX,2026-02-28,250499.76792208667,1609.841377091377,24.59937126839576,23.19210935246088,metro
394931,87,"Ogden, UT",msa,UT,2026-02-28,510676.81386291765,1641.1722603205526,36.11595895970432,19.168588122099738,metro
394932,369,"Ogdensburg, NY",msa,NY,2026-02-28,133178.1319583153,1049.6666666666667,,,metro
394933,597,"Oil City, PA",msa,PA,2026-02-28,121604.36420149812,,,,metro
394934,701,"Okeechobee, FL",msa,FL,2026-02-28,285412.89441446844,,,,metro
394935,42,"Oklahoma City, OK",msa,OK,2026-02-28,240733.56721798796,1359.3621842867126,27.09851452972331,21.08014838726009,metro
394936,459,"Olean, NY",msa,NY,2026-02-28,154977.40710860398,1245.0,,,metro
394937,172,"Olympia, WA",msa,WA,2026-02-28,523539.603459403,1993.2790701708732,37.96926390880055,22.96959418095739,metro
394938,59,"Omaha, NE",msa,NE,2026-02-28,299296.5209296125,1393.8424873802612,29.135101042332952,18.72891917051188,metro
394939,542,"Oneonta, NY",msa,NY,2026-02-28,200034.42184456275,1306.8055555555557,,,metro
394940,557,"Ontario, OR",msa,OR,2026-02-28,363502.8078589818,1469.5833333333333,,,metro
394941,440,"Opelousas, LA",msa,LA,2026-02-28,130718.42017507931,920.8333333333334,,,metro
394942,429,"Orangeburg, SC",msa,SC,2026-02-28,151992.2453004393,1320.6,,,metro
394943,22,"Orlando, FL",msa,FL,2026-02-28,383849.7950814588,1922.3659430191096,36.236640364392954,26.95172141038717,metro
394944,257,"Oshkosh, WI",msa,WI,2026-02-28,288281.667067475,1100.2300653594773,30.998507258694406,17.73515241068811,metro
394945,887,"Oskaloosa, IA",msa,IA,2026-02-28,188759.99309178905,,,,metro
753908,909,"Othello, WA",msa,WA,2026-02-28,304081.8243722205,,,,metro
845167,296,"Ottawa, IL",msa,IL,2026-02-28,,1071.6666666666667,,,metro
753909,854,"Ottawa, KS",msa,KS,2026-02-28,249436.4647536152,1350.0,,,metro
394947,762,"Ottumwa, IA",msa,IA,2026-02-28,124300.79715203815,,,,metro
394948,730,"Owatonna, MN",msa,MN,2026-02-28,287942.9760418707,1127.75,,,metro
394949,346,"Owensboro, KY",msa,KY,2026-02-28,205382.6604920044,1326.547619047619,22.26725341534884,22.62544099748095,metro
394951,564,"Oxford, MS",msa,MS,2026-02-28,396760.4376359323,2354.7876461988308,,,metro
394952,71,"Oxnard, CA",msa,CA,2026-02-28,870005.7991765394,3005.057279514765,52.325876057076314,29.76935523570728,metro
753911,608,"Ozark, AL",msa,AL,2026-02-28,156572.8454220286,1308.4333333333334,,,metro
394953,399,"Paducah, KY",msa,KY,2026-02-28,170361.68639410273,1216.6666666666667,20.21336608923951,21.745749572288002,metro
394954,601,"Pahrump, NV",msa,NV,2026-02-28,355245.8833018113,1533.6666666666667,,,metro
394955,479,"Palatka, FL",msa,FL,2026-02-28,211557.24361595008,1371.1944444444443,,,metro
394956,547,"Palestine, TX",msa,TX,2026-02-28,207150.4025596041,,,,metro
394957,97,"Palm Bay, FL",msa,FL,2026-02-28,338268.1091061825,1887.1259728757811,33.45526488422747,27.62359771484889,metro
394959,888,"Pampa, TX",msa,TX,2026-02-28,99952.33268277076,,,,metro
394960,242,"Panama City, FL",msa,FL,2026-02-28,337603.77974647755,1672.849605131844,33.30663212281811,24.195464981194732,metro
394961,647,"Paragould, AR",msa,AR,2026-02-28,186389.18752540112,1021.6666666666666,,,metro
394962,800,"Paris, TN",msa,TN,2026-02-28,213088.8664579352,,,,metro
394963,602,"Paris, TX",msa,TX,2026-02-28,198202.0872400401,1275.0,,,metro
394964,419,"Parkersburg, WV",msa,WV,2026-02-28,164025.19968710345,918.6333333333332,22.39639982917338,19.35400861934535,metro
394965,911,"Parsons, KS",msa,KS,2026-02-28,93059.83701202774,,,,metro
394967,583,"Payson, AZ",msa,AZ,2026-02-28,379854.5600319905,1974.5,,,metro
394968,934,"Pecos, TX",msa,TX,2026-02-28,166476.26320110026,,,,metro
786262,786,"Pella, IA",msa,IA,2026-02-28,,1018.1666666666666,,,metro
394971,111,"Pensacola, FL",msa,FL,2026-02-28,303997.0677020192,1721.2432991732023,32.379189645863974,26.698737932292488,metro
394972,136,"Peoria, IL",msa,IL,2026-02-28,163954.76198076378,1145.456858116968,20.05792730119562,17.58900954765052,metro
394973,753,"Peru, IN",msa,IN,2026-02-28,155751.34443584585,,,,metro
394974,7,"Philadelphia, PA",msa,PA,2026-02-28,376063.4250034284,1858.8106246974312,32.22701098542772,23.259137085943372,metro
394976,11,"Phoenix, AZ",msa,AZ,2026-02-28,446248.2530867693,1723.9049767234983,32.99211098157371,21.75873724732316,metro
394977,559,"Picayune, MS",msa,MS,2026-02-28,197829.74345077868,,,,metro
394979,900,"Pierre, SD",msa,SD,2026-02-28,289290.2672260538,,,,metro
394980,421,"Pine Bluff, AR",msa,AR,2026-02-28,96203.51834559436,,17.18986908790015,,metro
753912,398,"Pinehurst, NC",msa,NC,2026-02-28,407770.5968431896,1793.0961538461536,33.21387070045093,23.91626906492152,metro
394981,708,"Pittsburg, KS",msa,KS,2026-02-28,131692.3856014935,941.4423076923076,,,metro
394982,27,"Pittsburgh, PA",msa,PA,2026-02-28,221249.05302777156,1446.134227631463,22.63772403991059,21.14468215144594,metro
394983,326,"Pittsfield, MA",msa,MA,2026-02-28,373274.3103963047,1578.7037037037037,36.0367193954109,23.08488766594538,metro
394984,795,"Plainview, TX",msa,TX,2026-02-28,115126.70998167431,825.0,,,metro
394985,591,"Platteville, WI",msa,WI,2026-02-28,218156.44393898328,,,,metro
394986,452,"Plattsburgh, NY",msa,NY,2026-02-28,214421.5141782103,,,,metro
394987,635,"Plymouth, IN",msa,IN,2026-02-28,249521.1430654676,1070.0,,,metro
394988,412,"Pocatello, ID",msa,ID,2026-02-28,343966.8151955553,1080.1717948717949,33.87447062090436,17.55831052007313,metro
394989,572,"Point Pleasant, WV",msa,OH,2026-02-28,157410.49090174073,,,,metro
394990,664,"Ponca City, OK",msa,OK,2026-02-28,109310.22924495832,842.9444444444445,,,metro
394992,754,"Pontiac, IL",msa,IL,2026-02-28,160379.0361970472,,,,metro
394993,581,"Poplar Bluff, MO",msa,MO,2026-02-28,161724.32101803285,,,,metro
394994,463,"Port Angeles, WA",msa,WA,2026-02-28,486517.2015277359,1937.3083333333332,,,metro
753914,908,"Port Lavaca, TX",msa,TX,2026-02-28,197449.225468006,,,,metro
394995,115,"Port St. Lucie, FL",msa,FL,2026-02-28,378587.65954310936,2301.9325455726416,36.68471368926699,31.915276146065118,metro
394996,915,"Portales, NM",msa,NM,2026-02-28,143273.8205349724,965.0925925925926,,,metro
394997,105,"Portland, ME",msa,ME,2026-02-28,518074.00841000135,2252.7883340763087,39.77754064189908,27.592939082859758,metro
394998,25,"Portland, OR",msa,OR,2026-02-28,541938.7030813713,1778.7336113477284,39.41003200797763,20.37809169786326,metro
394999,474,"Portsmouth, OH",msa,OH,2026-02-28,134613.2918883674,,,,metro
395000,304,"Pottsville, PA",msa,PA,2026-02-28,156568.86911264792,1159.2301587301588,,,metro
845159,86,"Poughkeepsie, NY",msa,NY,2026-02-28,,2160.4387071281803,,,metro
845160,198,"Prescott Valley, AZ",msa,AZ,2026-02-28,,1852.4596656088825,,27.82157176868275,metro
395003,912,"Price, UT",msa,UT,2026-02-28,270364.36540427635,,,,metro
395004,872,"Prineville, OR",msa,OR,2026-02-28,465871.07524021616,1645.3333333333333,,,metro
395005,39,"Providence, RI",msa,RI,2026-02-28,503947.2094056048,2094.635044472318,45.314987310847734,29.109892029582852,metro
395006,92,"Provo, UT",msa,UT,2026-02-28,539458.8025583255,1731.9245231143552,35.942892046654826,19.738638635132318,metro
395007,264,"Pueblo, CO",msa,CO,2026-02-28,284345.36460928526,1301.4481845098956,34.3550246836572,24.12443572577221,metro
395008,620,"Pullman, WA",msa,WA,2026-02-28,319033.07897359936,1272.3322777386816,,,metro
395009,237,"Punta Gorda, FL",msa,FL,2026-02-28,294417.2065748402,1867.0810658379855,33.92147212219892,29.054383761481688,metro
395010,468,"Quincy, IL",msa,IL,2026-02-28,180518.53481177212,995.138888888889,,,metro
395011,231,"Racine, WI",msa,WI,2026-02-28,298435.63444209617,1343.130876068376,30.21689512571256,19.666841328139,metro
395012,43,"Raleigh, NC",msa,NC,2026-02-28,431757.6448444848,1650.8760004747485,30.20134548618193,18.36256007139274,metro
395013,313,"Rapid City, SD",msa,SD,2026-02-28,364977.474929217,1330.6450854700854,34.51377473356137,19.05983156041324,metro
395014,907,"Raymondville, TX",msa,TX,2026-02-28,177212.44803202347,,,,metro
395015,128,"Reading, PA",msa,PA,2026-02-28,300301.1490332738,1459.0411911911913,30.30029748156427,21.23989214053367,metro
395016,506,"Red Bluff, CA",msa,CA,2026-02-28,312612.1425388859,1320.4166666666667,,,metro
395017,624,"Red Wing, MN",msa,MN,2026-02-28,317225.65320589737,1191.6666666666667,,,metro
395018,240,"Redding, CA",msa,CA,2026-02-28,367422.3851587922,1591.13591954023,38.14142245094326,25.60394727173099,metro
395019,113,"Reno, NV",msa,NV,2026-02-28,557731.6910899768,1894.545457077036,41.63499714796154,24.16342837716142,metro
395020,517,"Rexburg, ID",msa,ID,2026-02-28,426438.7800840013,1244.2200854700852,,,metro
395021,499,"Richmond, IN",msa,IN,2026-02-28,165542.1054963161,843.8888888888888,,,metro
395023,373,"Richmond, KY",msa,KY,2026-02-28,258490.51826153696,992.2349624060153,,,metro
395022,45,"Richmond, VA",msa,VA,2026-02-28,383939.5350135784,1658.2028477040217,33.112535704294785,22.81294399732742,metro
395024,503,"Rio Grande City, TX",msa,TX,2026-02-28,137043.00335482118,,,,metro
395025,13,"Riverside, CA",msa,CA,2026-02-28,580339.7471263059,2477.9727378202124,45.10325417549953,30.93068993962602,metro
395026,705,"Riverton, WY",msa,WY,2026-02-28,309521.7097052631,1215.2777777777776,,,metro
395027,494,"Roanoke Rapids, NC",msa,NC,2026-02-28,101822.71077833389,990.0,,,metro
395028,164,"Roanoke, VA",msa,VA,2026-02-28,289093.9343619156,1369.8524651024652,29.311874092906432,21.34617646018231,metro
395029,594,"Rochelle, IL",msa,IL,2026-02-28,217756.0136531857,,,,metro
395030,207,"Rochester, MN",msa,MN,2026-02-28,330236.95393094857,1617.4980380573436,28.36303319006494,20.33170194833348,metro
395031,52,"Rochester, NY",msa,NY,2026-02-28,265035.88627266925,1500.3472399376417,27.16747320597946,22.27215838168053,metro
395032,678,"Rock Springs, WY",msa,WY,2026-02-28,284534.4949688855,1030.8333333333333,,,metro
395033,153,"Rockford, IL",msa,IL,2026-02-28,209204.384595333,1198.7504379678294,26.654158077893168,19.6695298426076,metro
395034,669,"Rockingham, NC",msa,NC,2026-02-28,127483.65561021744,,,,metro
845169,874,"Rockport, TX",msa,TX,2026-02-28,,1523.0,,,metro
395036,303,"Rocky Mount, NC",msa,NC,2026-02-28,194631.04000453156,1251.2218337218335,25.046412368734238,24.64285063665465,metro
395037,659,"Rolla, MO",msa,MO,2026-02-28,222718.5900361241,816.4751461988304,,,metro
395038,401,"Rome, GA",msa,GA,2026-02-28,228619.6160274274,1184.0277777777776,26.68844619916264,20.23092634063814,metro
395039,366,"Roseburg, OR",msa,OR,2026-02-28,337692.24996544025,1324.767676767677,,,metro
395040,509,"Roswell, NM",msa,NM,2026-02-28,168748.02827276403,1237.0,,,metro
395042,435,"Russellville, AR",msa,AR,2026-02-28,193394.1873588766,898.6904761904761,,,metro
395043,618,"Ruston, LA",msa,LA,2026-02-28,216055.1664493672,1046.9444444444446,,,metro
395044,533,"Rutland, VT",msa,VT,2026-02-28,299746.16018420126,,,,metro
395045,26,"Sacramento, CA",msa,CA,2026-02-28,572871.8625050423,2211.4823274410774,41.116628215653286,25.394092797450107,metro
395046,718,"Safford, AZ",msa,AZ,2026-02-28,295393.31445976946,1925.0,,,metro
395047,233,"Saginaw, MI",msa,MI,2026-02-28,162488.8282643355,1002.5315934065934,21.53727556489905,18.47890870122027,metro
753915,388,"Salem, OH",msa,OH,2026-02-28,152635.508085952,1066.6666666666667,,,metro
395048,126,"Salem, OR",msa,OR,2026-02-28,446621.65767931874,1643.6907596568842,37.496067935646884,22.14250363814472,metro
395049,537,"Salina, KS",msa,KS,2026-02-28,173048.3257201688,1074.0277777777776,,,metro
395050,125,"Salinas, CA",msa,CA,2026-02-28,833012.5949877566,2825.730053801091,61.14771378075261,34.5850847651502,metro
395051,134,"Salisbury, MD",msa,DE,2026-02-28,416122.7205986043,1894.163356525406,42.893445397277155,31.07953183818711,metro
395053,48,"Salt Lake City, UT",msa,UT,2026-02-28,559186.7369447238,1598.869911061601,37.53621321985817,18.1179411906627,metro
395054,344,"San Angelo, TX",msa,TX,2026-02-28,242412.59668892028,1342.1010245792854,26.85050412199815,21.58497989810165,metro
395055,24,"San Antonio, TX",msa,TX,2026-02-28,275829.2991591524,1391.7987271825916,26.68910216123666,20.2279120838888,metro
395056,17,"San Diego, CA",msa,CA,2026-02-28,928459.3690840738,2871.4440038425814,58.01935740174521,29.7752129347196,metro
395057,12,"San Francisco, CA",msa,CA,2026-02-28,1116382.6832890837,3103.0446242787534,57.153505925632764,25.90790085932269,metro
395059,36,"San Jose, CA",msa,CA,2026-02-28,1605186.1530338794,3430.8720672018244,64.41873172645735,23.21779658786238,metro
395061,175,"San Luis Obispo, CA",msa,CA,2026-02-28,889478.3235489711,3021.5062963116284,59.462578388059065,33.62021679546195,metro
753916,632,"Sandpoint, ID",msa,ID,2026-02-28,630548.8881935407,2102.5,,,metro
395062,469,"Sandusky, OH",msa,OH,2026-02-28,227670.7294499369,1487.0,23.0896041818799,22.39059722838392,metro
395063,522,"Sanford, NC",msa,NC,2026-02-28,287935.36988552514,1718.277777777778,,,metro
395065,183,"Santa Cruz, CA",msa,CA,2026-02-28,1122722.9488676237,3358.89804779917,71.30493471511569,35.40845560554684,metro
395066,284,"Santa Fe, NM",msa,NM,2026-02-28,542596.057889586,1942.6222222222225,40.27737629604396,24.41949411901053,metro
753917,124,"Santa Maria, CA",msa,CA,2026-02-28,975739.6013605,3279.105659976638,68.69822259494714,38.77683367514297,metro
395068,112,"Santa Rosa, CA",msa,CA,2026-02-28,781998.7680665433,2615.661212039571,51.05284612753444,27.64397059994827,metro
395069,738,"Sault Ste. Marie, MI",msa,MI,2026-02-28,189492.5874248796,,,,metro
395070,138,"Savannah, GA",msa,GA,2026-02-28,344551.2049964487,1779.3116075974797,31.35777474058114,24.94665245461449,metro
395071,536,"Sayre, PA",msa,PA,2026-02-28,194070.43914310157,,,,metro
395072,724,"Scottsbluff, NE",msa,NE,2026-02-28,191704.0978179905,,,,metro
395073,587,"Scottsboro, AL",msa,AL,2026-02-28,182483.83203158205,,,,metro
395075,101,"Scranton, PA",msa,PA,2026-02-28,221222.0835568741,1302.6437707496773,25.59105661459694,21.50134584025286,metro
395077,461,"Searcy, AR",msa,AR,2026-02-28,203803.24465300783,1009.7619047619048,,,metro
395078,15,"Seattle, WA",msa,WA,2026-02-28,740211.4117682915,2181.272552770515,46.46382575758141,22.148381947439567,metro
395079,274,"Sebastian, FL",msa,FL,2026-02-28,361187.0705174269,2110.436489392618,34.76342755585648,29.64630583557748,metro
395080,390,"Sebring, FL",msa,FL,2026-02-28,232069.48862765016,1553.1666666666667,32.86917046294134,30.562050718851257,metro
395081,674,"Sedalia, MO",msa,MO,2026-02-28,187178.56740642813,959.1111111111112,,,metro
395082,699,"Selinsgrove, PA",msa,PA,2026-02-28,230390.4287436166,1031.25,,,metro
395083,707,"Selma, AL",msa,AL,2026-02-28,85700.52636414421,,,,metro
395084,784,"Seneca Falls, NY",msa,NY,2026-02-28,210122.00435545432,,,,metro
395085,457,"Seneca, SC",msa,SC,2026-02-28,281421.95929681463,1378.7103174603174,,,metro
395086,402,"Sevierville, TN",msa,TN,2026-02-28,396348.8784003397,1739.8022727272728,,,metro
395087,639,"Seymour, IN",msa,IN,2026-02-28,225220.3919917924,1195.0,,,metro
753918,652,"Shawano, WI",msa,WI,2026-02-28,265257.4863858255,,,,metro
395088,482,"Shawnee, OK",msa,OK,2026-02-28,189396.116945629,1144.2037037037037,,,metro
395089,352,"Sheboygan, WI",msa,WI,2026-02-28,310475.3060006188,968.5714285714286,32.36810553722478,15.40206050874991,metro
395090,394,"Shelby, NC",msa,NC,2026-02-28,209166.21976040385,1228.5185185185185,,,metro
395091,606,"Shelbyville, TN",msa,TN,2026-02-28,324674.51447661576,1648.75,,,metro
395092,510,"Shelton, WA",msa,WA,2026-02-28,444116.3182580769,1667.3333333333333,,,metro
395093,815,"Sheridan, WY",msa,WY,2026-02-28,429781.7968935398,,,,metro
395094,319,"Sherman, TX",msa,TX,2026-02-28,287052.8021640443,1424.0987012987014,36.905852510507145,22.3324333473279,metro
395095,372,"Show Low, AZ",msa,AZ,2026-02-28,389174.58242365625,1768.9682539682535,,,metro
395096,141,"Shreveport, LA",msa,LA,2026-02-28,174207.39844116246,1300.667992808275,24.64305932167267,25.95218204666328,metro
395097,619,"Sidney, OH",msa,OH,2026-02-28,234424.884344594,1285.25,,,metro
395098,335,"Sierra Vista, AZ",msa,AZ,2026-02-28,258374.2401719006,1355.5202429149797,29.808927660061407,25.217196640811217,metro
395099,717,"Sikeston, MO",msa,MO,2026-02-28,157784.1720306451,825.0,,,metro
395100,835,"Silver City, NM",msa,NM,2026-02-28,182019.92093469363,,,,metro
395102,297,"Sioux City, IA",msa,IA,2026-02-28,215103.52033574533,1123.1435185185185,19.86419596066364,15.58996406453197,metro
395103,182,"Sioux Falls, SD",msa,SD,2026-02-28,332512.676908123,1289.419332205803,31.16062843600615,17.83860539025921,metro
395104,926,"Snyder, TX",msa,TX,2026-02-28,137552.42993977817,,,,metro
395105,513,"Somerset, KY",msa,KY,2026-02-28,170079.2328315731,1125.0,,,metro
395106,475,"Somerset, PA",msa,PA,2026-02-28,168494.61345449908,810.0,,,metro
753920,569,"Sonora, CA",msa,CA,2026-02-28,385453.8436414924,1458.3333333333333,,,metro
395107,159,"South Bend, IN",msa,IN,2026-02-28,224787.13498183084,1388.4159235297543,26.490525105675676,25.07123981966209,metro
395109,160,"Spartanburg, SC",msa,SC,2026-02-28,274051.83281643136,1415.0919412563246,26.701831555846812,23.214693607300198,metro
395110,858,"Spearfish, SD",msa,SD,2026-02-28,438878.9902639181,,,,metro
395111,928,"Spencer, IA",msa,IA,2026-02-28,187196.5663846541,,,,metro
395112,922,"Spirit Lake, IA",msa,IA,2026-02-28,367533.4842504377,,,,metro
395113,100,"Spokane, WA",msa,WA,2026-02-28,411113.3709538099,1491.0654755918656,34.13336286648508,19.63299765492922,metro
395114,220,"Springfield, IL",msa,IL,2026-02-28,190001.2233263497,1172.1463963963963,21.00324833632573,16.56726501851728,metro
395115,85,"Springfield, MA",msa,MA,2026-02-28,358339.2441453692,1895.800942372949,38.69316944547551,30.11582154423592,metro
395116,118,"Springfield, MO",msa,MO,2026-02-28,264582.3556904479,1251.677145364508,28.95895690314918,21.08592668202124,metro
395117,316,"Springfield, OH",msa,OH,2026-02-28,193748.70321224863,1116.074074074074,23.187637883212638,19.53099873391832,metro
395118,230,"St. Cloud, MN",msa,MN,2026-02-28,306636.2812495089,1206.249589490969,29.968208862367963,18.23805717745617,metro
395119,249,"St. George, UT",msa,UT,2026-02-28,527056.1995926052,1868.184793426932,39.061696195370224,24.036834230437158,metro
395120,343,"St. Joseph, MO",msa,MO,2026-02-28,206377.6599622517,912.1944444444443,22.6503118813335,15.604109265812369,metro
395121,21,"St. Louis, MO",msa,MO,2026-02-28,265643.89266522374,1395.1906806482286,24.45966995435337,19.50612979562727,metro
395122,576,"St. Marys, GA",msa,GA,2026-02-28,303471.0421586169,1497.738553113553,,,metro
395124,529,"Starkville, MS",msa,MS,2026-02-28,245227.19715260155,1506.1338383838383,,,metro
395125,273,"State College, PA",msa,PA,2026-02-28,339033.1896093584,1606.7121212121212,32.258334782367434,23.40787809250769,metro
395126,453,"Statesboro, GA",msa,GA,2026-02-28,280859.6097811313,1535.125925925926,,,metro
395128,338,"Staunton, VA",msa,VA,2026-02-28,320761.0698273978,1387.5998075998075,30.341994944850498,21.43920337614573,metro
753921,867,"Steamboat Springs, CO",msa,CO,2026-02-28,1102897.7976022807,3011.1111111111118,,,metro
395129,680,"Stephenville, TX",msa,TX,2026-02-28,331855.84783873154,1435.361111111111,,,metro
395130,890,"Sterling, CO",msa,CO,2026-02-28,248416.5322723935,1219.0277777777776,,,metro
395131,560,"Sterling, IL",msa,IL,2026-02-28,140275.06208566212,,,,metro
395132,485,"Stevens Point, WI",msa,WI,2026-02-28,304115.4377087672,1262.678571428571,,,metro
395133,444,"Stillwater, OK",msa,OK,2026-02-28,235353.80988645903,1320.1420634920637,,,metro
395134,77,"Stockton, CA",msa,CA,2026-02-28,527495.8586575715,2360.2647035960185,39.940708661411776,28.73062809859771,metro
395135,903,"Storm Lake, IA",msa,IA,2026-02-28,181872.2423417557,,,,metro
395136,532,"Sturgis, MI",msa,MI,2026-02-28,206491.1026898475,,,,metro
395137,745,"Sulphur Springs, TX",msa,TX,2026-02-28,256698.99618985844,1333.3333333333333,,,metro
395138,868,"Summerville, GA",msa,GA,2026-02-28,169526.2461592858,,,,metro
395139,314,"Sumter, SC",msa,SC,2026-02-28,203431.63732121632,1405.0293040293045,25.218189821268833,28.328124590765007,metro
395140,415,"Sunbury, PA",msa,PA,2026-02-28,162766.55529474944,917.5,,,metro
395141,793,"Susanville, CA",msa,CA,2026-02-28,225530.0567790122,1308.3333333333333,,,metro
395142,933,"Sweetwater, TX",msa,TX,2026-02-28,110818.64203335176,,,,metro
395143,91,"Syracuse, NY",msa,NY,2026-02-28,247505.79411275944,1619.6764545544654,24.77672920914133,24.040992576828,metro
395144,626,"Tahlequah, OK",msa,OK,2026-02-28,202667.18521300785,1209.25,,,metro
395145,443,"Talladega, AL",msa,AL,2026-02-28,175726.24022400504,1286.388888888889,,,metro
395146,145,"Tallahassee, FL",msa,FL,2026-02-28,276400.75162611104,1485.2189791745188,33.105376965938774,26.287910024627298,metro
395148,18,"Tampa, FL",msa,FL,2026-02-28,354930.1428230973,1975.9318112038509,34.53370026941814,28.57037883292424,metro
395149,777,"Taos, NM",msa,NM,2026-02-28,427832.8105275121,2162.5,,,metro
395150,781,"Taylorville, IL",msa,IL,2026-02-28,130120.86436351096,,,,metro
395151,235,"Terre Haute, IN",msa,IN,2026-02-28,159621.0320121862,974.1830808080808,20.82142171962355,18.61565636232541,metro
395152,299,"Texarkana, TX",msa,TX,2026-02-28,177471.90023101933,1143.574494949495,24.56007396122715,21.9790832956004,metro
753923,849,"The Dalles, OR",msa,OR,2026-02-28,391983.9966553189,1625.8333333333333,,,metro
395153,329,"The Villages, FL",msa,FL,2026-02-28,387467.7728780822,1700.2346743295018,37.99950234974594,25.47595407001848,metro
395154,843,"Thomaston, GA",msa,GA,2026-02-28,180931.5035834941,,,,metro
395155,646,"Thomasville, GA",msa,GA,2026-02-28,221012.77136552523,1715.2777777777776,,,metro
395157,570,"Tiffin, OH",msa,OH,2026-02-28,167288.41261129722,712.5,,,metro
395158,688,"Tifton, GA",msa,GA,2026-02-28,201651.607550392,1457.5,,,metro
395159,848,"Toccoa, GA",msa,GA,2026-02-28,233904.2692925,,,,metro
395160,93,"Toledo, OH",msa,OH,2026-02-28,191657.81745231195,1158.9215325670498,23.935984444100793,19.93574268532438,metro
395161,199,"Topeka, KS",msa,KS,2026-02-28,207845.05479806475,1160.0207461553402,21.73362022279797,17.26195988455753,metro
395162,236,"Torrington, CT",msa,CT,2026-02-28,406138.7582440809,1820.931273519509,,,metro
395163,287,"Traverse City, MI",msa,MI,2026-02-28,399663.8128760072,1974.484126984127,33.8673565106154,27.01373098602693,metro
395164,142,"Trenton, NJ",msa,NJ,2026-02-28,431931.17909981054,2497.119119988421,33.23810987218307,27.219181848580238,metro
395165,788,"Troy, AL",msa,AL,2026-02-28,158027.5987178566,1155.0277777777776,,,metro
395166,389,"Truckee, CA",msa,CA,2026-02-28,598342.1768655136,2398.7559523809523,,,metro
395167,54,"Tucson, AZ",msa,AZ,2026-02-28,339440.7704027354,1447.0687680477995,32.60684629203141,22.80730143435737,metro
395168,374,"Tullahoma, TN",msa,TN,2026-02-28,309202.9585900384,1306.373015873016,,,metro
395169,56,"Tulsa, OK",msa,OK,2026-02-28,246081.3235793044,1340.1141841300748,27.23311800472395,21.66728125782549,metro
395170,269,"Tupelo, MS",msa,MS,2026-02-28,182697.0941117911,1192.2037037037037,,,metro
395171,188,"Tuscaloosa, AL",msa,AL,2026-02-28,217284.08954538207,1522.0591630591632,24.45106874729358,27.49613156571918,metro
395173,361,"Twin Falls, ID",msa,ID,2026-02-28,375404.5551466913,1652.8573717948718,32.80684899822115,23.95076047928697,metro
395174,201,"Tyler, TX",msa,TX,2026-02-28,266775.3043892235,1337.01518801017,30.77524633591178,19.86951269104007,metro
395175,416,"Ukiah, CA",msa,CA,2026-02-28,496618.89327923045,2053.472222222222,,,metro
395176,816,"Union City, TN",msa,TN,2026-02-28,156890.27768006807,,,,metro
753924,55,"Urban Honolulu, HI",msa,HI,2026-02-28,842753.2758071454,2802.5657205452458,51.94835765339722,30.22638497677289,metro
395178,712,"Urbana, OH",msa,OH,2026-02-28,241024.22901313836,950.0,,,metro
395179,169,"Utica, NY",msa,NY,2026-02-28,214952.43987422343,1335.530626780627,22.094402231117872,20.87295457227982,metro
395181,865,"Uvalde, TX",msa,TX,2026-02-28,189449.69674842453,,,,metro
395182,300,"Valdosta, GA",msa,GA,2026-02-28,218910.0804076316,1379.842000651678,27.90540000013811,26.048436786361588,metro
395183,123,"Vallejo, CA",msa,CA,2026-02-28,572734.7556679866,2383.124409037969,43.64780990223531,28.89927397266266,metro
395185,828,"Van Wert, OH",msa,OH,2026-02-28,178084.1546166058,,,,metro
395186,932,"Vermillion, SD",msa,SD,2026-02-28,279256.5743541773,946.6666666666666,,,metro
395187,760,"Vernal, UT",msa,UT,2026-02-28,344835.4954115624,1449.1666666666667,,,metro
395188,938,"Vernon, TX",msa,TX,2026-02-28,100733.09262892164,,,,metro
395189,653,"Vicksburg, MS",msa,MS,2026-02-28,142243.81388455164,,,,metro
395190,400,"Victoria, TX",msa,TX,2026-02-28,214480.7910797468,1181.9675925925926,27.80227935179071,20.92052762464067,metro
395191,758,"Vidalia, GA",msa,GA,2026-02-28,166124.92189838257,1400.0,,,metro
395192,750,"Vincennes, IN",msa,IN,2026-02-28,151151.80554390288,,,,metro
395193,278,"Vineland, NJ",msa,NJ,2026-02-28,268554.608209416,1652.2916666666667,31.85769727613651,27.732329742520168,metro
753925,910,"Vineyard Haven, MA",msa,MA,2026-02-28,1504153.7232834548,,,,metro
395194,38,"Virginia Beach, VA",msa,VA,2026-02-28,363197.63348829845,1786.6878754113288,33.11100776719499,24.62687527923124,metro
395195,119,"Visalia, CA",msa,CA,2026-02-28,356157.10680535506,1730.992673992674,36.15919628540739,28.36299966760201,metro
395196,810,"Wabash, IN",msa,IN,2026-02-28,182644.9851088243,,,,metro
395197,178,"Waco, TX",msa,TX,2026-02-28,249035.56738519444,1418.110174758247,29.133623695941218,23.71886869370482,metro
395198,882,"Wahpeton, ND",msa,ND,2026-02-28,217438.78387118084,859.4444444444445,,,metro
395199,525,"Walla Walla, WA",msa,WA,2026-02-28,404946.0249667096,1542.1666666666667,40.618971744097074,24.22190957275181,metro
395201,634,"Wapakoneta, OH",msa,OH,2026-02-28,228313.4567021638,,,,metro
395202,234,"Warner Robins, GA",msa,GA,2026-02-28,248393.5741877332,1570.2768037518038,24.35905997331874,22.86118607361193,metro
395203,710,"Warren, PA",msa,PA,2026-02-28,128337.21361438496,,,,metro
395204,578,"Warrensburg, MO",msa,MO,2026-02-28,276342.1772977531,1061.7095238095235,,,metro
395205,451,"Warsaw, IN",msa,IN,2026-02-28,273131.5991382347,1108.7944444444445,,,metro
395206,825,"Washington Court House, OH",msa,OH,2026-02-28,232712.31151281492,,,,metro
395209,6,"Washington, DC",msa,VA,2026-02-28,572410.1763247591,2331.413621679168,32.84097801077393,21.0672587422327,metro
395207,787,"Washington, IN",msa,IN,2026-02-28,227130.72572328363,,,,metro
395208,656,"Washington, NC",msa,NC,2026-02-28,228405.6303110343,,,,metro
395210,261,"Waterloo, IA",msa,IA,2026-02-28,193605.80806172927,1095.2838589981448,21.17808388220552,16.90845246442757,metro
395213,351,"Watertown, NY",msa,NY,2026-02-28,214130.54427761515,1289.4615384615383,26.528749620872226,20.45248085921813,metro
395211,773,"Watertown, SD",msa,SD,2026-02-28,328147.13869834394,825.0,,,metro
395212,430,"Watertown, WI",msa,WI,2026-02-28,350615.97622590483,1209.4761904761906,,,metro
395214,859,"Wauchula, FL",msa,FL,2026-02-28,228634.12830209485,,,,metro
395215,266,"Wausau, WI",msa,WI,2026-02-28,256916.71836262752,1000.2666666666668,25.04898503276299,14.51987855968242,metro
395216,563,"Waycross, GA",msa,GA,2026-02-28,164003.17631130104,1191.6666666666667,,,metro
753926,831,"Weatherford, OK",msa,OK,2026-02-28,173157.80178693918,1125.0,,,metro
395217,353,"Weirton, WV",msa,OH,2026-02-28,124721.58321514462,827.324074074074,15.865541537119901,15.63029833011507,metro
395218,345,"Wenatchee, WA",msa,WA,2026-02-28,511440.5665856933,1824.062233589088,41.393178067291494,26.069675292229373,metro
395219,700,"West Plains, MO",msa,MO,2026-02-28,218352.67815736984,,,,metro
395221,309,"Wheeling, WV",msa,OH,2026-02-28,132710.26430324902,898.2857142857143,18.28701737594531,18.50509424418734,metro
395222,375,"Whitewater, WI",msa,WI,2026-02-28,393127.4936424832,1343.3333333333333,,,metro
395223,298,"Wichita Falls, TX",msa,TX,2026-02-28,169805.1367315443,1258.1914091655472,20.33182950628644,21.20773200751619,metro
395224,94,"Wichita, KS",msa,KS,2026-02-28,215787.84289090443,1157.8295613321654,24.31420295173397,18.20412912439019,metro
395225,359,"Williamsport, PA",msa,PA,2026-02-28,223835.43094350843,1030.462962962963,28.26977363190838,19.798841465762578,metro
395227,715,"Williston, ND",msa,ND,2026-02-28,339504.27161142154,1304.1913322185062,,,metro
395228,668,"Willmar, MN",msa,MN,2026-02-28,273123.62907305616,,,,metro
395229,174,"Wilmington, NC",msa,NC,2026-02-28,434355.8493829868,1690.079815318016,38.62082981532825,24.37044400033332,metro
395230,682,"Wilmington, OH",msa,OH,2026-02-28,244982.98540295268,,,,metro
395231,455,"Wilson, NC",msa,NC,2026-02-28,218317.92652042283,1377.3333333333333,,,metro
395232,308,"Winchester, VA",msa,VA,2026-02-28,380312.0664869079,1796.7430905695612,32.137226623782226,25.23733799132639,metro
753927,924,"Winnemucca, NV",msa,NV,2026-02-28,335866.2772525081,,,,metro
395234,603,"Winona, MN",msa,MN,2026-02-28,274161.5476215571,1218.888888888889,,,metro
395235,89,"Winston, NC",msa,NC,2026-02-28,274701.9100327704,1486.8672968326,30.14758452137134,25.85864346176661,metro
753928,476,"Wisconsin Rapids, WI",msa,WI,2026-02-28,218220.79972931955,945.5,,,metro
395236,871,"Woodward, OK",msa,OK,2026-02-28,126102.96546389136,,,,metro
395237,355,"Wooster, OH",msa,OH,2026-02-28,,1513.6833333333334,,,metro
395238,58,"Worcester, MA",msa,MA,2026-02-28,462907.162649073,2121.776712869056,35.84407480560442,25.03408473601864,metro
395239,885,"Worthington, MN",msa,MN,2026-02-28,232984.53831829212,,,,metro
395240,193,"Yakima, WA",msa,WA,2026-02-28,345447.2974267224,1285.9561965811963,32.65212255668803,19.21759787030723,metro
395241,881,"Yankton, SD",msa,SD,2026-02-28,274705.3625526159,,,,metro
395244,122,"York, PA",msa,PA,2026-02-28,299209.3660885146,1356.7302109440268,29.019936050559892,19.08861525267328,metro
395245,106,"Youngstown, OH",msa,OH,2026-02-28,166800.4673354813,1045.9433455433457,22.7669230766832,20.507961400292572,metro
395246,247,"Yuba City, CA",msa,CA,2026-02-28,424317.5385328706,1886.350451291628,37.05779195238396,26.033115318819576,metro
395247,225,"Yuma, AZ",msa,AZ,2026-02-28,280976.3827003121,1377.4339097161676,28.38621648606904,23.260747744562828,metro
395248,426,"Zanesville, OH",msa,OH,2026-02-28,201873.0089753264,1012.7460317460318,,,metro
753929,935,"Zapata, TX",msa,TX,2026-02-28,123143.16957317945,,,,metro
102001,0,United States,country,nan,2026-02-28,360590.9882494712,1895.0814292256796,32.34443553606659,26.29767474789247,us
